"Nº Processo";COLUNA CAIQUE - AGUARDANDO;DEALER OFFICIAL NAME;TRANSP CEVA;STATE;CITY;PEDIDO TOTVS (SAC);PEDIDO AUTOWARE (SAC);NF ORIGEM (SAC);CATEGORIA PROBLEMA (SAC);PROBLEMA DETALHADO (SAC);Dt Reclamação (SAC);Dt Sol. Coleta (SAC);Data NFD (SAC);Nº NFD (SAC);CT-e Origem (VITÓRIA SOUZA);CT-e Devolução (VITÓRIA SOUZA);Coleta Agendada (VITÓRIA SOUZA);Coleta Efetuada (VITÓRIA SOUZA);Motivo Não Coleta (VITÓRIA SOUZA);Recebido XD Diadema (RONALDO RODRIGUES);Enviado Araçariguama (RONALDO RODRIGUES);Recebido Araçariguama (PAULO CRUZ);Conferência (ANTHONY MACHADO);NFD Lançada (ANTHONY MACHADO);Status Automático;Observação;Prazo SLA;Status SLA;Dias sem Atualiz.;Alerta
1;;MASTER - BARREIRAS;TERMACO;BA;Barreiras;42579;10018310;38511;Peça Avariada;RECEBEMOS MERCADORIA DESSE CONHECIMENTO COM UM VOLUME COM AVARIA. Amassado no meio da porta;05/01/2026;;;;;;;;;;;;;;Dt Reclamação;;25/01/2026;⚠ Fora do Prazo;144;🔴 Parado + 144 dias
2;;SMAFF - BRASÍLIA;RIO VERMELHO;DF;Brasília;41980;10017985;38045;Peça Avariada;PEÇA CHEGOU DANIFICADA DENTRO DA EMBALAGEM, VOLUME SEM QUALQUER MARCA DE AMASSADO.;05/01/2026;;08/01/2026;378835;333358;;25/02/2026;02/03/2026;;;;;378835;;Conferência;;25/01/2026;⚠ Fora do Prazo;88;🔴 Parado + 88 dias
3;;CAOA - IPIRANGA;XD-DIADEMA;SP;São Paulo;41996;10017870;38170;Peça fisica errada;Fiz uma encomenda de peça e veio trocada na embalagem , solicitei a peça 2431223202 e veio a 2431223002 ;06/01/2026;;30/01/2026;248107;335337;;06/02/2026;;;;;;248107;;Conferência;;26/01/2026;⚠ Fora do Prazo;112;🔴 Parado + 112 dias
4;;CAOA - IPIRANGA;XD-DIADEMA;SP;São Paulo;41389;10017663;37756;Cliente dessistiu devido a demora no faturamento ;Solicitei duas peças de acabamento e o cliente cancelou o pedido e não deu para cancelar ;06/01/2026;;30/01/2026;248106;335337;;06/02/2026;;;;;;248106;;Conferência;;26/01/2026;⚠ Fora do Prazo;112;🔴 Parado + 112 dias
5;;CAOA - IPIRANGA;XD-DIADEMA;SP;São Paulo;41089;10017274;37382;Peça não compativel;Solicitamos uma peça para atender balcão e quando chegou cliente cancelou o pedido alegando que a peça estava errada ele tinha solicitado a bomba de óleo do cambio e ele queria a bomba  de oleo do motor ;06/01/2026;;04/02/2026;248219;335337;;12/02/2026;;;;;;248219;;Conferência;;26/01/2026;⚠ Fora do Prazo;106;🔴 Parado + 106 dias
6;;DESTAQUE - BRAGANÇA PAULISTA;XD-DIADEMA;SP;Bragança Paulista;42959;10018541;38752;Peça não compativel;Foi recebida a NF38752, no dia 23/12/25, a peça 2092042D00, porém quando o cliente veio retirar a peça no balcão, e trouxe a peça velha para comparar, verificamos que a peça estava errada dentro da embalagem,em contato com o Sr Caique Hyngruia , o mesmo verificando na montadora foi constatado que a peça estava errada mesmo, o codigo correto para o veiculo HR16V, seria esse 209204AU07, e não esse que recebemos.;06/01/2026;;06/01/2025;94469;;;12/01/2026;;;;;;;;Coleta Agendada;;26/01/2026;⚠ Fora do Prazo;137;🔴 Parado + 137 dias
7;;CARHOUSE - SANTA MARIA;TRANSTRY;RS;Santa Maria;43028;10018586;38831;Peça Avariada;Durante a conferência foi detectada uma avaria, caixa estava lacrada, quando aberta para conferência foi identificada avaria na peça 256003cad0.;06/01/2026;;06/01/2026;88828;341449;;25/03/2026;24/03/2026;;;;;88828;;Conferência;;26/01/2026;⚠ Fora do Prazo;65;🔴 Parado + 65 dias
8;;GRANDAY - CARRÃO (SERVICE);XD-DIADEMA;SP;São Paulo;40537;10017127;37953;PN alternativo não atende;SOLICITAMOS A PECA 253104F800 ,POREM NOS MANDARM A PECA 253104F400 DIZENDO QUE ERA UM CODIGO ALTERNATIVO .;07/01/2026;;07/01/2026;178870;335335;;12/01/2026;;;;;;;;Coleta Agendada;;27/01/2026;⚠ Fora do Prazo;137;🔴 Parado + 137 dias
9;;GALA - PELOTAS;TRANSTRY;RS;Pelotas;41272;10017618;37523;Peça não compativel; Recebemos na CC hoje pela manhã 19 unidades do filtro B319804F802,  sendo que as mesmas não foram solicitadas.;09/01/2026;;08/01/2026;105889;333363;;15/01/2026;09/03/2026;;;;;105889;;Conferência;;29/01/2026;⚠ Fora do Prazo;81;🔴 Parado + 81 dias
10;;CARHOUSE - SANTA MARIA;TRANSTRY;RS;Santa Maria;43076;10018624;38934;Peça Avariada;Durante a conferência foi detectada uma avaria, caixa estava lacrada, quando aberta para conferência foi identificada avaria na peça R-873712E500;09/01/2026;;09/01/2026;88872;341449;;25/03/2026;24/03/2026;;;;;88872;;Conferência;;29/01/2026;⚠ Fora do Prazo;65;🔴 Parado + 65 dias
11;;GRANDAY - CARRÃO (SERVICE);XD-DIADEMA;SP;São Paulo;25203;10009633;29159;Peça não compativel;PECA MAIOR NÃO CABE NO VEICULO ;09/01/2026;;09/01/2026;178975;335335;;19/01/2026;;;;;;;;Coleta Agendada;;29/01/2026;⚠ Fora do Prazo;130;🔴 Parado + 130 dias
12;;GRANDAY - CARRÃO (SERVICE);XD-DIADEMA;SP;São Paulo;34132;10013207;29310;Peça não compativel;PECA MAIOR NÃO CABE NO VEICULO ;09/01/2026;;09/01/2026;178977;335335;;19/01/2026;;;;;;96057;;Conferência;;29/01/2026;⚠ Fora do Prazo;130;🔴 Parado + 130 dias
13;;DESTAQUE - ATIBAIA;XD-DIADEMA;SP;Atibaia;43269;10018765;39252;Peça Avariada;Faturado NF 39252 código 921012E011 farol LE e veio riscado;09/01/2026;;26/01/2026;96057;335343;;13/02/2026;;;;;;96057;;Conferência;;29/01/2026;⚠ Fora do Prazo;105;🔴 Parado + 105 dias
14;;DESTAQUE - ATIBAIA;XD-DIADEMA;SP;Atibaia;43507;10018943;39284;Peça Avariada;Faturado NF 39284 código 921012E011 farol LE e veio riscado;09/01/2026;;26/01/2026;96056;331896;;02/02/2026;;;;;;96056;;Conferência;;29/01/2026;⚠ Fora do Prazo;116;🔴 Parado + 116 dias
15;;HYUNDAI CAOA - CRISTIANO MACHADO;–;–;–;41505;10017735;37769;Peça não compativel;PEÇA VEIO DIFERENTE DA PEÇA DO CATALOGO E DO VEICULO      ,  O CODIGO QUE ESTA NA PEÇA  NÃO CONDIZ COM O MESMO DA EMBALAGEM;09/01/2026;;05/01/2026;123165;326567;;15/01/2026;20/01/2026;;;;;123165;;Conferência;;29/01/2026;⚠ Fora do Prazo;129;🔴 Parado + 129 dias
16;;HYUNDAI CAOA - CRISTIANO MACHADO;–;–;–;36002;10014174;31546;Peça não compativel;;09/01/2026;;09/01/2026;123326;326567;;15/01/2026;20/01/2026;;;;;;;Coleta Efetuada;;29/01/2026;⚠ Fora do Prazo;129;🔴 Parado + 129 dias
17;;HYUNDAI CAOA - CRISTIANO MACHADO;–;–;–;39011;10016070;34725;Peça não compativel;;09/01/2026;;05/01/2026;123164;326567;;15/01/2026;20/01/2026;;;;;123164;;Conferência;;29/01/2026;⚠ Fora do Prazo;129;🔴 Parado + 129 dias
18;;GALA - PELOTAS;TRANSTRY;RS;Pelotas;40623;10016210;36692;Peça não compativel;Peça  similar não é compativel com o veiculo;12/01/2026;;;38837;;;;;;;;;;;Nº NFD;;01/02/2026;⚠ Fora do Prazo;137;🔴 Parado + 137 dias
19;;HB CAOA - FORTALEZA;TERMACO;CE;Fortaleza;43458;10018904;39195;Peça não compativel;876113xxxxx – LENTE DO RETROVISOR = 01 UNIDADE ( A REFERENCIA DA LENTE NA CAIXA ESTAR INCOMPLETA CONFORME A EMBALAGEM;13/01/2026;;14/01/2026;126894;;;20/01/2026;;;;;;;;Coleta Agendada;;02/02/2026;⚠ Fora do Prazo;129;🔴 Parado + 129 dias
20;;NAGOYA - UBÁ;XD BETIM;MG;Ubá;41391;10017709;37601;Pedido errado;Peça pedida utilizando numero errado.;13/01/2026;;12/01/2026;49791;326566;;19/01/2026;28/01/2026;;;;;49791;;Conferência;;02/02/2026;⚠ Fora do Prazo;121;🔴 Parado + 121 dias
21;;CAOA - IPIRANGA;XD-DIADEMA;SP;São Paulo;41130;10017424;37402;Peça não compativel;Fiz um pedido de um radiador e veio trocado na embalagem, pedi a peça para o veiculo Tucson 2.0 e provavelmente veio do modelo 2.7 pois tem uma etiqueta no radiador com estas especificações ;13/01/2026;;13/02/2026;248618;335337;;25/02/2026;;;;;;248618;;Conferência;;02/02/2026;⚠ Fora do Prazo;93;🔴 Parado + 93 dias
22;;DESTAQUE - ATIBAIA;XD-DIADEMA;SP;Atibaia;43674;10019081;39486;Peça Avariada;código 924012S510 - Lanterna Tras LE chegou quebrada;14/01/2026;;05/02/2026;96493;335343;;12/02/2026;;;;;;96493;;Conferência;;03/02/2026;⚠ Fora do Prazo;106;🔴 Parado + 106 dias
23;;SINAL - BARUERI;XD-DIADEMA;SP;Barueri;42520;10018260;38474;Peça não compativel;Solicitamos o kit de junta completo e recebemos apenas a do cabeçote ;14/01/2026;;14/01/2026;261983;326570;;22/01/2026;28/01/2026;;;;;;;Coleta Efetuada;;03/02/2026;⚠ Fora do Prazo;121;🔴 Parado + 121 dias
24;;SINAL - BARUERI;XD-DIADEMA;SP;Barueri;41662;10017808;37787;Peça não compativel;O kit 2091042P01  é incompativel com o motor do veiculo para qual solicitamos ;14/01/2026;;14/01/2026;261985;326570;;22/01/2026;28/01/2026;;;;;261985;;Conferência;;03/02/2026;⚠ Fora do Prazo;121;🔴 Parado + 121 dias
25;;SINAL - BARUERI;XD-DIADEMA;SP;Barueri;43108;10018636;38908;Peça não compativel;O kit 2092042P01 é incompativel com o motor do veiculo para qual solicitamos ;14/01/2026;;14/01/2026;261987;326570;;22/01/2026;28/01/2026;;;;;;;Coleta Efetuada;;03/02/2026;⚠ Fora do Prazo;121;🔴 Parado + 121 dias
26;;MOTONET - SOROCABA OFICINA;–;–;–;43823;10019209;39563;Peça Avariada;Porta avariada, com amassados;14/01/2026;;15/01/2026;362618;335333;;23/01/2026;;;;;;;;Coleta Agendada;;03/02/2026;⚠ Fora do Prazo;126;🔴 Parado + 126 dias
27;;MOTONET - SOROCABA OFICINA;–;–;–;43823;10019209;39563;Peça Avariada;vidro parabrisa trincado;14/01/2026;;15/01/2026;362618;335333;;23/01/2026;;;;;;;;Coleta Agendada;;03/02/2026;⚠ Fora do Prazo;126;🔴 Parado + 126 dias
28;;HYUNDAI CAOA - RAPOSO TAVARES OFICINA;XD-DIADEMA;SP;Sao Paulo;41814;10017882;37992;Peça Avariada; SOLICITO DEVOLUÇÃO DO ITEM B253102S550 RADIADOR COM AVARIA NA PASSAGEM DE ÁGUA COMO MOSTRA AS FOTOS A BAIXO!;15/01/2026;;29/01/2026;11991;335339;;04/02/2026;03/04/2026;;03/04/2026;;;;;Recebido XD Diadema;;04/02/2026;⚠ Fora do Prazo;56;🔴 Parado + 56 dias
29;;HYUNDAI CAOA - RAPOSO TAVARES OFICINA;XD-DIADEMA;SP;Sao Paulo;42913;10018386;38758;Peça Avariada; SOLICITO DEVOLUÇÃO DO ITEM B253102S550 RADIADOR COM AVARIA NA PASSAGEM DE ÁGUA COMO MOSTRA AS FOTOS A BAIXO!;15/01/2026;;30/01/2026;12013;335339;;06/02/2026;03/04/2026;;03/04/2026;;;12013;;Conferência;;04/02/2026;⚠ Fora do Prazo;56;🔴 Parado + 56 dias
30;;CYCOSA - MACEIÓ;TERMACO;AL;Maceió;43172;10018674;39125;Pedido duplicado;NO Cte VEIO MAIS DE UMA PEÇA, SENDO ELAS A PEÇA QUE SOLICITAMOS E A DUPLICADA POR ESSE MOTIVO NÃO FIZEMOS A RESSALVA NO;15/01/2026;;13/01/2026;251027;327945;;20/01/2026;;;;;;;;Coleta Agendada;;04/02/2026;⚠ Fora do Prazo;129;🔴 Parado + 129 dias
31;;HYUNDAI CAOA - RAPOSO TAVARES OFICINA;XD-DIADEMA;SP;Sao Paulo;9302;10001906;32829;Cliente dessistiu devido a demora no faturamento ;SOLICITO DEVOLUÇÃO DO ITEM PN 284164A610 RESFRIADOR DA VÁLVULA EGR / PEÇA ESTEVE EM B.O DURANTE 7 MESES, POR ESSE MOTIVO O CLIENTE DESISTIU DA COMPRA.;15/01/2026;;28/01/2026;11963;335339;;02/02/2026;03/04/2026;;03/04/2026;;;11963;;Conferência;;04/02/2026;⚠ Fora do Prazo;56;🔴 Parado + 56 dias
32;;GERAÇÃO - ILHA;TRANSTRY;SC;Florianópolis;36973;10014815;34401;Dealer mudou de cidade;AUTORIZADO A DEVOLUÇÃO DO ITEM 96000NI000  CLIENTE MUDOU-SE PARA SÃO PAULO E FARÁ TROCA LÁ. Em tratativas com o Marcio Lisboa, ele nos orientou a solicitar a devolução. ;15/01/2026;;14/01/2026;15656;304220;;22/01/2026;;;;;;;;Coleta Agendada;;04/02/2026;⚠ Fora do Prazo;127;🔴 Parado + 127 dias
33;;GERAÇÃO - ILHA;TRANSTRY;SC;Florianópolis;37190;10015108;34490;Dealer mudou de cidade;AUTORIZADO A DEVOLUÇÃO DO ITEM 96000NI000  CLIENTE MUDOU-SE PARA SÃO PAULO E FARÁ TROCA LÁ. Em tratativas com o Marcio Lisboa, ele nos orientou a solicitar a devolução. ;15/01/2026;;14/01/2026;15658;304002;;22/01/2026;;;;;;;;Coleta Agendada;;04/02/2026;⚠ Fora do Prazo;127;🔴 Parado + 127 dias
34;;GOLDEN MOTORS - TRÊS LAGOAS;CARVALIMA;MS;Três Lagoas;2039;962322;1795;Enviado para dealer errado;MERCADORIA FOI SOLICITADA POR UNIDADE DA GOLDEN MOTORS DE TRES LAGOAS E FOI FATURADA E ENVIADA PARA GOLDEN MOTORS DE DOURADOS.;16/01/2026;;;126321/126366;;;;;;;;;;;Nº NFD;;05/02/2026;⚠ Fora do Prazo;133;🔴 Parado + 133 dias
35;;SEVEC - CURITIBA;–;–;–;43976;10019312;39682;Peça fisica errada;Na data de hoje (14/01/2026), durante o processo de conferência da Nota Fiscal nº 39682, foi constatada divergência entre os códigos das peças descritos na nota fiscal e os códigos das peças recebidas fisicamente, Conforme Nota Fiscal: 832102E000 - 872922E000 / Conforme material recebido (físico): 872912E000ZI - 832202E0000;16/01/2026;;26/01/2026;354404;337559;;02/02/2026;19/03/2026;;;;;354404;;Conferência;;05/02/2026;⚠ Fora do Prazo;71;🔴 Parado + 71 dias
36;;GOLDEN MOTORS - DOURADOS;CARVALIMA;MS;Dourados;17526;10005403;13433;Pedido cancelado;MERCADORIA FOI SOLICITADA O CANCELAMENTO PEDIDO N. 10000114, PEDIDO FOI CANCELADO E GERADO OUTRO PEDIDO E ENVIADO A PECA PARA A CONCESSIONARIA PEDIDO 10005403;16/01/2026;;11/02/2026;127113;329728;;20/02/2026;16/02/2026;;10/03/2026;;;;;Recebido XD Diadema;;05/02/2026;⚠ Fora do Prazo;80;🔴 Parado + 80 dias
37;;CAOA - SBC;–;–;–;43573;10018999;39342;Peça Avariada;CAIXA DANIFICADA CONFORME FOTOS ( PEÇA VEIO DANIFICADA DENTRO DA EMBALAGEM );16/01/2026;;21/01/2026;222362;335336;;27/01/2026;;;;;;222362;;Conferência;;05/02/2026;⚠ Fora do Prazo;122;🔴 Parado + 122 dias
38;;HYUNDAI CAOA - RAPOSO TAVARES OFICINA;XD-DIADEMA;SP;Sao Paulo;17817;10005523;30169;Pedido duplicado por Alex Agostinho; SOLICITO DEVOLUÇÃO DOS ITENS PN 712355K000 PÉ DE COLUNA DIANT 4 PEÇAS EM DUPLICIDADE NOTAS FISCAIS   30169 / 30170 / 30171 / 30880 PEDIDO FEITO POR ALEX AGOSTINHO;16/01/2026;;28/01/2026;11959;335339;;03/02/2026;03/04/2026;;03/04/2026;;;11959;;Conferência;;05/02/2026;⚠ Fora do Prazo;56;🔴 Parado + 56 dias
39;;HYUNDAI CAOA - RAPOSO TAVARES OFICINA;XD-DIADEMA;SP;Sao Paulo;21137;10007455;30171;Pedido duplicado por Alex Agostinho; SOLICITO DEVOLUÇÃO DOS ITENS PN 712355K000 PÉ DE COLUNA DIANT 4 PEÇAS EM DUPLICIDADE NOTAS FISCAIS   30169 / 30170 / 30171 / 30880 PEDIDO FEITO POR ALEX AGOSTINHO;16/01/2026;;28/01/2026;11949;335339;;02/02/2026;03/04/2026;;03/04/2026;;;11949;;Conferência;;05/02/2026;⚠ Fora do Prazo;56;🔴 Parado + 56 dias
40;;HYUNDAI CAOA - RAPOSO TAVARES OFICINA;XD-DIADEMA;SP;Sao Paulo;23696;10008768;30170;Pedido duplicado por Alex Agostinho; SOLICITO DEVOLUÇÃO DOS ITENS PN 712355K000 PÉ DE COLUNA DIANT 4 PEÇAS EM DUPLICIDADE NOTAS FISCAIS   30169 / 30170 / 30171 / 30880 PEDIDO FEITO POR ALEX AGOSTINHO;16/01/2026;;28/01/2026;11950;335339;;02/02/2026;03/04/2026;;03/04/2026;;;11950;;Conferência;;05/02/2026;⚠ Fora do Prazo;56;🔴 Parado + 56 dias
41;;HYUNDAI CAOA - RAPOSO TAVARES OFICINA;XD-DIADEMA;SP;Sao Paulo;23718;10008868;30880;Pedido duplicado por Alex Agostinho; SOLICITO DEVOLUÇÃO DOS ITENS PN 712355K000 PÉ DE COLUNA DIANT 4 PEÇAS EM DUPLICIDADE NOTAS FISCAIS   30169 / 30170 / 30171 / 30880 PEDIDO FEITO POR ALEX AGOSTINHO;16/01/2026;;28/01/2026;11952;335339;;02/02/2026;03/04/2026;;03/04/2026;;;;;Recebido XD Diadema;;05/02/2026;⚠ Fora do Prazo;56;🔴 Parado + 56 dias
42;;HYUNDAI CAOA - RAPOSO TAVARES OFICINA;XD-DIADEMA;SP;Sao Paulo;28324;962603;30487;Pedido cancelado;SOLICITO DEVOLUÇÃO DO ITEM 495062BA20 KIT COIFA INT HOMOCINETICA DIAT LD;16/01/2026;;28/01/2026;11952;335339;;02/02/2026;03/04/2026;;03/04/2026;;;;;Recebido XD Diadema;;05/02/2026;⚠ Fora do Prazo;56;🔴 Parado + 56 dias
43;;HYUNDAI CAOA - RAPOSO TAVARES OFICINA;XD-DIADEMA;SP;Sao Paulo;7060;10001488;23908;Peça não compativel; SOLICITO DEVOLUÇÃO DO ITEN PÉ DE COLUNA PN 712355K000 NA DESCRIÇÃO, PORÉM A PEÇA EM ESPECIE É UMA BARRA DE DIREÇÃO DA HR.  PEÇA VEIO ERRADO DA MONTADORA. NF 23908;16/01/2026;;27/01/2026;11909;301201;;02/02/2026;;;;;;;;Coleta Agendada;;05/02/2026;⚠ Fora do Prazo;116;🔴 Parado + 116 dias
44;;HYUNDAI CAOA - RAPOSO TAVARES OFICINA;XD-DIADEMA;SP;Sao Paulo;34526;10008412;30738;Pedido duplicado por Alex Agostinho;SOLICITO DEVOLUÇÃO DO ITEN  PN 568805k000-BI TERMINAL DE DIREÇÃO ENVIADO EM DUPLICIDADE PELA MONTADORA 4 UNIDADES NF 30738  2 UNIDADES NF 33774 TOTAL DE 6 UNIDADES.;16/01/2026;;;;;;;;;;;;;;Dt Reclamação;;05/02/2026;⚠ Fora do Prazo;133;🔴 Parado + 133 dias
45;;HYUNDAI CAOA - RAPOSO TAVARES OFICINA;XD-DIADEMA;SP;Sao Paulo;23083;10008412;33774;Pedido duplicado por Alex Agostinho;SOLICITO DEVOLUÇÃO DO ITEN  PN 568805k000-BI TERMINAL DE DIREÇÃO ENVIADO EM DUPLICIDADE PELA MONTADORA 4 UNIDADES NF 30738  2 UNIDADES NF 33774 TOTAL DE 6 UNIDADES.;16/01/2026;;02/02/2026;12045;335339;;06/02/2026;03/04/2026;;03/04/2026;;;12045;;Conferência;;05/02/2026;⚠ Fora do Prazo;56;🔴 Parado + 56 dias
46;;CARWAY - PORTO ALEGRE (AZENHA);–;–;–;36659;10014559;31971;Peça não compativel;Recebemos o teto para atender o cliente que estamos tentando achar a cor correta mas o enviado veio diferente a cor e sem a furação do teto.Autorizado por email a devolução em caso de divergencia. ;19/01/2026;;09/01/2026;274774;342336;;22/01/2026;24/03/2026;;;;;274774;;Conferência;;08/02/2026;⚠ Fora do Prazo;66;🔴 Parado + 66 dias
47;;ULSAN - CAMPO GRANDE;CARVALIMA;MS;Campo Grande;21128;10007660;22056;Pedido duplicado;PEDIDO 10000474 DUPLICADO SEGUNDO ANALISE DO AGOSTINHO.;19/01/2026;;;;;;;;;;;;;;Dt Reclamação;;08/02/2026;⚠ Fora do Prazo;130;🔴 Parado + 130 dias
48;;ULSAN - CAMPO GRANDE;CARVALIMA;MS;Campo Grande;35717;10000494;31023;Pedido duplicado;PEÇA NÃO SOLICITADA , SOLICITAMOS A DEVOLUÇÃO DE TODAS AS PEÇAS POIS AS MESMAS NÃO TEM DEMANDA PARA NOSSA LOJA.;19/01/2026;;;;;;;;;;;;;;Dt Reclamação;;08/02/2026;⚠ Fora do Prazo;130;🔴 Parado + 130 dias
49;;ULSAN - CAMPO GRANDE;CARVALIMA;MS;Campo Grande;21079;10007658;22057;Pedido duplicado;PEDIDO 10000474 DUPLICADO SEGUNDO ANALISE DO AGOSTINHO.;19/01/2026;;21/01/2026;178808;333858;;27/01/2026;23/01/2026;;;;;178808;;Conferência;;08/02/2026;⚠ Fora do Prazo;122;🔴 Parado + 122 dias
50;;ULSAN - CAMPO GRANDE;CARVALIMA;MS;Campo Grande;17931;10000474;17107;Cliente dessistiu devido a demora no faturamento ;Cliente desistiu da compra pela demora;19/01/2026;;21/01/2026;178804;333858;;27/01/2026;23/01/2026;;;;;178804;;Conferência;;08/02/2026;⚠ Fora do Prazo;122;🔴 Parado + 122 dias
51;;ULSAN - CAMPO GRANDE;CARVALIMA;MS;Campo Grande;29815;10000474;24196;Cliente dessistiu devido a demora no faturamento ;Cliente desistiu da compra pela demora;19/01/2026;;21/01/2026;178822;333858;;27/01/2026;23/01/2026;;;;;178822;;Conferência;;08/02/2026;⚠ Fora do Prazo;122;🔴 Parado + 122 dias
52;;ULSAN - CAMPO GRANDE;CARVALIMA;MS;Campo Grande;35718;10000494;30967;Pedido cancelado;PEDIDO 10000474 CANCELADO;19/01/2026;;21/01/2026;178805;326565;;02/02/2026;02/02/2026;;;;;178805;;Conferência;;08/02/2026;⚠ Fora do Prazo;116;🔴 Parado + 116 dias
53;;ULSAN - CAMPO GRANDE;CARVALIMA;MS;Campo Grande;23137;10008545;18048;Pedido duplicado;PEÇA NÃO SOLICITADA , SOLICITAMOS A DEVOLUÇÃO DE TODAS AS PEÇAS POIS AS MESMAS NÃO TEM DEMANDA PARA NOSSA LOJA;19/01/2026;;;;;;;;;;;;;;Dt Reclamação;;08/02/2026;⚠ Fora do Prazo;130;🔴 Parado + 130 dias
54;;ULSAN - CAMPO GRANDE;CARVALIMA;MS;Campo Grande;29816;963270;24197;Pedido duplicado;PEÇA NÃO SOLICITADA , SOLICITAMOS A DEVOLUÇÃO DE TODAS AS PEÇAS POIS AS MESMAS NÃO TEM DEMANDA PARA NOSSA LOJA.;19/01/2026;;21/01/2026;178815;333858;;27/01/2026;23/01/2026;;;;;178815;;Conferência;;08/02/2026;⚠ Fora do Prazo;122;🔴 Parado + 122 dias
55;;ULSAN - CAMPO GRANDE;CARVALIMA;MS;Campo Grande;17706;10005591;13662;Pedido duplicado;PEÇA VEIO EM DUPLICIDADE;19/01/2026;;21/01/2026;178809;333858;;27/01/2026;23/01/2026;;;;;178809;;Conferência;;08/02/2026;⚠ Fora do Prazo;122;🔴 Parado + 122 dias
56;;ULSAN - CAMPO GRANDE;CARVALIMA;MS;Campo Grande;17894;10005666;13414;Pedido duplicado;PEÇA NÃO SOLICITADA , SOLICITAMOS A DEVOLUÇÃO DE TODAS AS PEÇAS POIS AS MESMAS NÃO TEM DEMANDA PARA NOSSA LOJA.;19/01/2026;;;;;;;;;;;;;;Dt Reclamação;;08/02/2026;⚠ Fora do Prazo;130;🔴 Parado + 130 dias
57;;ULSAN - CAMPO GRANDE;CARVALIMA;MS;Campo Grande;21132;10007593;19155;Pedido duplicado por Alex Agostinho;Pedido duplicado;21/01/2026;;22/01/2026;178900;326565;;02/02/2026;02/02/2026;;;;;178900;;Conferência;;10/02/2026;⚠ Fora do Prazo;116;🔴 Parado + 116 dias
58;;ULSAN - CAMPO GRANDE;CARVALIMA;MS;Campo Grande;23697;10008842;19174;Pedido duplicado por Alex Agostinho;Pedido duplicado;21/01/2026;;22/01/2026;178901;326565;;02/02/2026;02/02/2026;;;;;178901;;Conferência;;10/02/2026;⚠ Fora do Prazo;116;🔴 Parado + 116 dias
59;;ULSAN - CAMPO GRANDE;CARVALIMA;MS;Campo Grande;18386;10005977;17081;Pedido duplicado por Alex Agostinho;Pedido duplicado;21/01/2026;;22/01/2026;178891;326565;;02/02/2026;02/02/2026;;;;;178891;;Conferência;;10/02/2026;⚠ Fora do Prazo;116;🔴 Parado + 116 dias
60;;ULSAN - CAMPO GRANDE;CARVALIMA;MS;Campo Grande;11959;10001279;14777;Pedido cancelado;Pedido cancelado;21/01/2026;;22/01/2026;178898;326565;;02/02/2026;02/02/2026;;;;;;;Coleta Efetuada;;10/02/2026;⚠ Fora do Prazo;116;🔴 Parado + 116 dias
61;;ULSAN - CAMPO GRANDE;CARVALIMA;MS;Campo Grande;17790;10005524;17122;pedido duplicado;Pedido duplicado;21/01/2026;;;;;;;;;;;;;;Dt Reclamação;;10/02/2026;⚠ Fora do Prazo;128;🔴 Parado + 128 dias
62;;ULSAN - CAMPO GRANDE;CARVALIMA;MS;Campo Grande;19692;10000494;17189;Pedido cancelado;Pedido Cancelado;21/01/2026;;;;;;;;;;;;;;Dt Reclamação;;10/02/2026;⚠ Fora do Prazo;128;🔴 Parado + 128 dias
63;;SINAL - BARUERI;XD-DIADEMA;SP;Barueri;44593;10019821;40155;Peça Avariada;O capô chegou amassado.;21/01/2026;;21/01/2026;262444;335334;;27/01/2026;;;;;;262444;;Conferência;;10/02/2026;⚠ Fora do Prazo;122;🔴 Parado + 122 dias
64;;MOTONET - SOROCABA OFICINA;–;–;–;44461;10019710;40089;Peça Avariada;Porta avariada, com amassados;21/01/2026;;21/01/2026;363204;335333;;27/01/2026;;;;;;;;Coleta Agendada;;10/02/2026;⚠ Fora do Prazo;122;🔴 Parado + 122 dias
65;;ULSAN - CAMPO GRANDE;CARVALIMA;MS;Campo Grande;10062;10000494;6256;Pedido cancelado;Pedido Cancelado;21/01/2026;;22/01/2026;178884;326565;;02/02/2026;02/02/2026;;;;;;;Coleta Efetuada;;10/02/2026;⚠ Fora do Prazo;116;🔴 Parado + 116 dias
66;;ULSAN - CAMPO GRANDE;CARVALIMA;MS;Campo Grande;35717;10000494;31023;Cliente dessistiu devido a demora no faturamento ;Cliente desistiu da compra pela demora;21/01/2026;;05/02/2026;179371;328493;;13/02/2026;13/03/2026;;25/02/2026;;;;;Recebido XD Diadema;;10/02/2026;⚠ Fora do Prazo;77;🔴 Parado + 77 dias
67;;ULSAN - CAMPO GRANDE;CARVALIMA;MS;Campo Grande;35716;10000474;30939;Cliente dessistiu devido a demora no faturamento ;Cliente desistiu da compra pela demora;21/01/2026;;09/02/2026;179369;329595;;13/02/2026;16/02/2026;;03/03/2026;;;179369;;Conferência;;10/02/2026;⚠ Fora do Prazo;87;🔴 Parado + 87 dias
68;;CAOA – BARRA DA TIJUCA;CAMILO;RJ;Rio de Janeiro;43724;10019096;39450;Pedido cancelado;Pedido Cancelado;22/01/2026;;20/01/2026;83858;327013;;27/01/2026;02/02/2026;;;;;83858;;Conferência;;11/02/2026;⚠ Fora do Prazo;116;🔴 Parado + 116 dias
69;;ULSAN - CAMPO GRANDE;CARVALIMA;MS;Campo Grande;23031;10008455;21245;Pedido duplicado por Alex Agostinho;Pedido duplicado por Alex Agostinho 10001279;22/01/2026;;05/02/2026;179372;329357;;12/02/2026;10/02/2026;;10/03/2026;;;179372;;Conferência;;11/02/2026;⚠ Fora do Prazo;80;🔴 Parado + 80 dias
70;;ULSAN - CAMPO GRANDE;CARVALIMA;MS;Campo Grande;9537;960281;6269;Pedido cancelado;Pedido Cancelado;23/01/2026;;;178888;;;;;;;;;;;Nº NFD;;12/02/2026;⚠ Fora do Prazo;126;🔴 Parado + 126 dias
71;;ULSAN - CAMPO GRANDE;CARVALIMA;MS;Campo Grande;26441;10010183;20704;Pedido cancelado;Pedido Cancelado;23/01/2026;;;178902;;;;;;;;;;;Nº NFD;;12/02/2026;⚠ Fora do Prazo;126;🔴 Parado + 126 dias
72;;ULSAN - CAMPO GRANDE;CARVALIMA;MS;Campo Grande;9534;963270;6319;Pedido cancelado;Pedido Cancelado;23/01/2026;;;178892;;;;;;;;;;;Nº NFD;;12/02/2026;⚠ Fora do Prazo;126;🔴 Parado + 126 dias
73;;ULSAN - CAMPO GRANDE;CARVALIMA;MS;Campo Grande;17936;960281;17125;Peça não compativel ;Emitir a NF devolução, agendar a coleta do material para retornar ao CD.;23/01/2026;;21/01/2026;178838;326282;;27/01/2026;23/01/2026;;;;;178838;;Conferência;;12/02/2026;⚠ Fora do Prazo;122;🔴 Parado + 122 dias
74;;ULSAN - CAMPO GRANDE;CARVALIMA;MS;Campo Grande;35717;10000494;31023;Cliente dessistiu devido a demora no faturamento ;Cliente desistiu da compra pela demora;23/01/2026;;05/02/2026;179371;328493;;13/02/2026;13/03/2026;;25/02/2026;;;;;Recebido XD Diadema;;12/02/2026;⚠ Fora do Prazo;77;🔴 Parado + 77 dias
75;;ULSAN - CAMPO GRANDE;CARVALIMA;MS;Campo Grande;3114;10000494;529;Cliente dessistiu devido a demora no faturamento ;Cliente desistiu da compra pela demora;26/01/2026;;05/02/2026;179389;329357;;12/02/2026;10/02/2026;;10/03/2026;;;179389;;Conferência;;15/02/2026;⚠ Fora do Prazo;80;🔴 Parado + 80 dias
76;;HB CAOA - FORTALEZA;TERMACO;CE;Fortaleza;44372;10019608;39962;Peça fisica errada;Pediu um pn e foi o similar mas não atende o pedido;26/01/2026;;29/01/2026;127350;328922;;03/02/2026;23/02/2026;;;;;127350;;Conferência;;15/02/2026;⚠ Fora do Prazo;95;🔴 Parado + 95 dias
77;;ULSAN - CAMPO GRANDE;CARVALIMA;MS;Campo Grande;3096;10000474;703;Cliente dessistiu devido a demora no faturamento ;Cliente desistiu da compra pela demora;26/01/2026;;05/02/2026;179388;329357;;12/02/2026;10/02/2026;;10/03/2026;;;179388;;Conferência;;15/02/2026;⚠ Fora do Prazo;80;🔴 Parado + 80 dias
78;;ULSAN - CAMPO GRANDE;CARVALIMA;MS;Campo Grande;8410;963270;5002;Cliente dessistiu devido a demora no faturamento ;Cliente dessistiu devido a demora no faturamento ;26/01/2026;;05/02/2026;179366;329357;;12/02/2026;10/02/2026;;10/03/2026;;;179366;;Conferência;;15/02/2026;⚠ Fora do Prazo;80;🔴 Parado + 80 dias
79;;ULSAN - CAMPO GRANDE;CARVALIMA;MS;Campo Grande;8409;960281;4781;Cliente dessistiu devido a demora no faturamento ;Cliente dessistiu devido a demora no faturamento ;26/01/2026;;05/02/2026;179364;329357;;12/02/2026;10/02/2026;;10/03/2026;;;179364;;Conferência;;15/02/2026;⚠ Fora do Prazo;80;🔴 Parado + 80 dias
80;;ULSAN - CAMPO GRANDE;CARVALIMA;MS;Campo Grande;26441;10010183;20704;Cliente dessistiu devido a demora no faturamento ;Cliente dessistiu devido a demora no faturamento ;26/01/2026;;05/02/2026;179373;329357;;12/02/2026;10/02/2026;;10/03/2026;;;179373;;Conferência;;15/02/2026;⚠ Fora do Prazo;80;🔴 Parado + 80 dias
81;;CAOA – BARRA DA TIJUCA;CAMILO;RJ;Rio de Janeiro;43813;10019185;39598;Peça avariada;Bom dia ao conferirmos os volumes dessa nota fiscal constatamos que uma das peças estava avariada=, segue abaixo imagens e ressalva.;23/01/2026;;26/01/2026;84019;331721;;02/02/2026;06/03/2026;;;;;84019;;Conferência;;12/02/2026;⚠ Fora do Prazo;84;🔴 Parado + 84 dias
82;;ULSAN - CAMPO GRANDE;CARVALIMA;MS;Campo Grande;9542;10000494;5315;Cliente dessistiu devido a demora no faturamento ;Cliente desistiu da compra pela demora;26/01/2026;;05/02/2026;179385;329357;;12/02/2026;10/02/2026;;10/03/2026;;;179385;;Conferência;;15/02/2026;⚠ Fora do Prazo;80;🔴 Parado + 80 dias
83;;ULSAN - CAMPO GRANDE;CARVALIMA;MS;Campo Grande;11267;10000494;8581;Cliente dessistiu devido a demora no faturamento ;Cliente dessistiu devido a demora no faturamento ;26/01/2026;;05/02/2026;179382;329357;;12/02/2026;10/02/2026;;10/03/2026;;;179382;;Conferência;;15/02/2026;⚠ Fora do Prazo;80;🔴 Parado + 80 dias
84;;ULSAN - CAMPO GRANDE;CARVALIMA;MS;Campo Grande;38032;10000494;35712;Cliente dessistiu devido a demora no faturamento ;Cliente dessistiu devido a demora no faturamento ;26/01/2026;;05/02/2026;179370;323939;;13/02/2026;16/02/2026;;03/03/2026;;;179370;;Conferência;;15/02/2026;⚠ Fora do Prazo;87;🔴 Parado + 87 dias
85;;ULSAN - CAMPO GRANDE;CARVALIMA;MS;Campo Grande;6811;10000494;2629;Cliente dessistiu devido a demora no faturamento ;Cliente dessistiu devido a demora no faturamento ;26/01/2026;;05/02/2026;179386;329357;;12/02/2026;10/02/2026;;10/03/2026;;;179386;;Conferência;;15/02/2026;⚠ Fora do Prazo;80;🔴 Parado + 80 dias
86;;ULSAN - CAMPO GRANDE;CARVALIMA;MS;Campo Grande;26470;10010186;20668;Cliente dessistiu devido a demora no faturamento ;Cliente dessistiu devido a demora no faturamento ;27/01/2026;;05/02/2026;179375;329357;;12/02/2026;10/02/2026;;10/03/2026;;;179375;;Conferência;;16/02/2026;⚠ Fora do Prazo;80;🔴 Parado + 80 dias
87;;ULSAN - CAMPO GRANDE;CARVALIMA;MS;Campo Grande;14969;963270;13326;Cliente dessistiu devido a demora no faturamento ;Cliente dessistiu devido a demora no faturamento ;27/01/2026;;05/02/2026;179378;329357;;12/02/2026;10/02/2026;;10/03/2026;;;179378;;Conferência;;16/02/2026;⚠ Fora do Prazo;80;🔴 Parado + 80 dias
88;;ULSAN - CAMPO GRANDE;CARVALIMA;MS;Campo Grande;4334;960226;1586;Cliente dessistiu devido a demora no faturamento ;Cliente dessistiu devido a demora no faturamento ;27/01/2026;;05/02/2026;179367;329357;;12/02/2026;10/02/2026;;10/03/2026;;;179367;;Conferência;;16/02/2026;⚠ Fora do Prazo;80;🔴 Parado + 80 dias
89;;ULSAN - CAMPO GRANDE;CARVALIMA;MS;Campo Grande;3114;10000494;529;Cliente dessistiu devido a demora no faturamento ;Cliente dessistiu devido a demora no faturamento ;27/01/2026;;05/02/2026;179389;329357;;12/02/2026;10/02/2026;;10/03/2026;;;179389;;Conferência;;16/02/2026;⚠ Fora do Prazo;80;🔴 Parado + 80 dias
90;;ULSAN - CAMPO GRANDE;CARVALIMA;MS;Campo Grande;13560;10003233;12142;Cliente dessistiu devido a demora no faturamento ;Cliente desistiu da compra pela demora;27/01/2026;;05/02/2026;179381;329357;;12/02/2026;10/02/2026;;10/03/2026;;;179381;;Conferência;;16/02/2026;⚠ Fora do Prazo;80;🔴 Parado + 80 dias
91;;HMB CAOA - LAURO DE FREITAS;TERMACO;BA;Lauro de Freitas;28631;10010838;23070;Cliente dessistiu devido a demora no faturamento ;Cliente desistiu da compra pela demora;27/01/2026;;27/01/2026;116207;326758;;02/02/2026;05/02/2026;;03/03/2026;;;116207;;Conferência;;16/02/2026;⚠ Fora do Prazo;87;🔴 Parado + 87 dias
92;;ULSAN - CAMPO GRANDE;CARVALIMA;MS;Campo Grande;32871;10007634;37285;Pedido duplicado por Alex Agostinho;Pedido duplicado por Alex Agostinho;27/01/2026;;09/02/2026;179368;329595;;13/02/2026;16/02/2026;;03/03/2026;;;179368;;Conferência;;16/02/2026;⚠ Fora do Prazo;87;🔴 Parado + 87 dias
93;;CARHOUSE - SANTA MARIA;TRANSTRY;RS;Santa Maria;44763;10019929;40408;Peça avariada;Durante a conferência foi detectada uma avaria, avaria na peça 86512b8000.;27/01/2026;;30/01/2026;89590;341443;;06/02/2026;24/03/2026;;;;;89590;;Conferência;;16/02/2026;⚠ Fora do Prazo;66;🔴 Parado + 66 dias
94;;ULSAN - CAMPO GRANDE;CARVALIMA;MS;Campo Grande;26441;10010183;20704;Cliente dessistiu devido a demora no faturamento ;Cliente dessistiu devido a demora no faturamento ;27/01/2026;;09/02/2026;179514;329595;;13/02/2026;16/02/2026;;03/03/2026;;;179514;;Conferência;;16/02/2026;⚠ Fora do Prazo;87;🔴 Parado + 87 dias
95;;ULSAN - CAMPO GRANDE;CARVALIMA;MS;Campo Grande;26441;10010183;20704;Cliente dessistiu devido a demora no faturamento ;Cliente desistiu da compra pela demora;28/01/2026;;05/02/2026;179373;329357;;12/02/2026;10/02/2026;;10/03/2026;;;179373;;Conferência;;17/02/2026;⚠ Fora do Prazo;80;🔴 Parado + 80 dias
96;;ULSAN - CAMPO GRANDE;CARVALIMA;MS;Campo Grande;30841;10010183;27488;Cliente dessistiu devido a demora no faturamento ;Cliente desistiu da compra pela demora;28/01/2026;;22/01/2026;178894;326837;;02/02/2026;06/02/2026;;;;;178894;;Conferência;;17/02/2026;⚠ Fora do Prazo;112;🔴 Parado + 112 dias
97;;ULSAN - CAMPO GRANDE;CARVALIMA;MS;Campo Grande;6406;960281;1879;Cliente dessistiu devido a demora no faturamento ;Cliente dessistiu devido a demora no faturamento ;28/01/2026;;05/02/2026;179387;329357;;12/02/2026;10/02/2026;;10/03/2026;;;179387;;Conferência;;17/02/2026;⚠ Fora do Prazo;80;🔴 Parado + 80 dias
98;;ULSAN - CAMPO GRANDE;CARVALIMA;MS;Campo Grande;6696;960281;5640;Cliente dessistiu devido a demora no faturamento ;Cliente dessistiu devido a demora no faturamento ;28/01/2026;;05/02/2026;179384;329357;;12/02/2026;10/02/2026;;10/03/2026;;;179384;;Conferência;;17/02/2026;⚠ Fora do Prazo;80;🔴 Parado + 80 dias
99;;ULSAN - CAMPO GRANDE;CARVALIMA;MS;Campo Grande;26441;10010183;20704;Cliente dessistiu devido a demora no faturamento ;Cliente dessistiu devido a demora no faturamento ;28/01/2026;;05/02/2026;179373;329357;;12/02/2026;10/02/2026;;10/03/2026;;;179373;;Conferência;;17/02/2026;⚠ Fora do Prazo;80;🔴 Parado + 80 dias
100;;ANDRETA - CAMPINAS;XD-DIADEMA;SP;Campinas;42319;10018173;38355;Peça não compativel;Peça não compativel ;28/01/2026;;27/01/2026;256083;333115;;02/02/2026;02/02/2026;;;;;;;Coleta Efetuada;;17/02/2026;⚠ Fora do Prazo;116;🔴 Parado + 116 dias
101;;OPEN - CASCAVEL;TRANSTRY;PR;Cascavel;42984;10018529;38807;Peça avariada;CAPO CHEGOU DESCOLADO OS REFORÇOS INTERNOS;29/01/2026;;30/01/2026;121088;;;06/02/2026;;;;;;;;Coleta Agendada;;18/02/2026;⚠ Fora do Prazo;112;🔴 Parado + 112 dias
102;;HB CAOA - FORTALEZA;TERMACO;CE;Fortaleza;44596;10019784;40228;Peça fisica errada;OBS: O VOLUME VEIO LACRADO. (COM O ITEM TROCADO DENTRO DA EMBALAGEM ;29/01/2026;;29/01/2026;127380;330044;;04/02/2026;;;;;;;;Coleta Agendada;;18/02/2026;⚠ Fora do Prazo;114;🔴 Parado + 114 dias
103;;HYUNDAI CAOA - RAPOSO TAVARES OFICINA;XD-DIADEMA;SP;Sao Paulo;18499;10006136;21207;Pedido duplicado;Pedido criado por Alex em substituição ao pedido 10000436;29/01/2026;;02/02/2026;12046;335339;;06/02/2026;03/04/2026;;03/04/2026;;;12046;;Conferência;;18/02/2026;⚠ Fora do Prazo;56;🔴 Parado + 56 dias
104;;HYUNDAI CAOA - RAPOSO TAVARES OFICINA;XD-DIADEMA;SP;Sao Paulo;19930;10005123;21553;Pedido duplicado;Pedido criado por Alex em substituição ao pedido 10000436;29/01/2026;;02/02/2026;12047;300866;;06/02/2026;;;;;;12047;;Conferência;;18/02/2026;⚠ Fora do Prazo;112;🔴 Parado + 112 dias
105;;PATEO - SÃO LUIS (CALHAU);TERMACO;MA;São Luís;101;960285;1487;Pedido não solicitado;FOI ENTREGUE EM MANAUS PEDIDO DE CALHAU;02/02/2026;;;12047/99519;;;;;;;;;;;Nº NFD;;22/02/2026;⚠ Fora do Prazo;116;🔴 Parado + 116 dias
106;;PATEO - SALVADOR;TERMACO;BA;Salvador;40;960216;461;Pedido não solicitado;FOI ENTREGUE EM MANAUS PEDIDO DE SALVADOR;02/02/2026;;05/02/2026;99523;328547;;12/02/2026;09/02/2026;;;;;;;Coleta Efetuada;;22/02/2026;⚠ Fora do Prazo;106;🔴 Parado + 106 dias
107;;PATEO - SALVADOR;TERMACO;BA;Salvador;8217;960216;7996;Pedido não solicitado;FOI ENTREGUE EM MANAUS PEDIDO DE SALVADOR;02/02/2026;;;352939;;;;;;;;;;;Nº NFD;;22/02/2026;⚠ Fora do Prazo;116;🔴 Parado + 116 dias
108;;PATEO - SALVADOR;TERMACO;BA;Salvador;3369;960216;3852;Pedido não solicitado;FOI ENTREGUE EM MANAUS PEDIDO DE SALVADOR;02/02/2026;;07/02/2026;352942;329363;;25/02/2026;26/02/2026;;3/18/2026;;;352942;;Conferência;;22/02/2026;⚠ Fora do Prazo;92;🔴 Parado + 92 dias
109;;PATEO - SALVADOR;TERMACO;BA;Salvador;11958;960216;26902;Pedido não solicitado;FOI ENTREGUE EM MANAUS PEDIDO DE SALVADOR;02/02/2026;;;;;;;;;;;;;;Dt Reclamação;;22/02/2026;⚠ Fora do Prazo;116;🔴 Parado + 116 dias
110;;PATEO - SALVADOR;TERMACO;BA;Salvador;767;960956;764;Pedido não solicitado;FOI ENTREGUE EM MANAUS PEDIDO DE SALVADOR;02/02/2026;;;;;;;;;;;;;;Dt Reclamação;;22/02/2026;⚠ Fora do Prazo;116;🔴 Parado + 116 dias
111;;PATEO - SALVADOR;TERMACO;BA;Salvador;1982;962260;350;Pedido não solicitado;FOI ENTREGUE EM MANAUS PEDIDO DE SALVADOR;02/02/2026;;05/02/2026;99520;328547;;12/02/2026;09/02/2026;;;;;;;Coleta Efetuada;;22/02/2026;⚠ Fora do Prazo;106;🔴 Parado + 106 dias
112;;PATEO - SÃO LUIS (CALHAU);TERMACO;MA;São Luís;2478;962781;1621;Pedido não solicitado;FOI ENTREGUE EM MANAUS PEDIDO DE CALHAU;02/02/2026;;05/02/2026;99521;328547;;12/02/2026;09/02/2026;;;;;;;Coleta Efetuada;;22/02/2026;⚠ Fora do Prazo;106;🔴 Parado + 106 dias
113;;PATEO - SÃO LUIS II (BEQUIMÃO);TERMACO;MA;São Luís;4763;962783;2055;Pedido não solicitado;FOI ENTREGUE EM MANAUS PEDIDO DE BEQUIMÃO;02/02/2026;;05/02/2026;99522;328547;;12/02/2026;09/02/2026;;;;;;;Coleta Efetuada;;22/02/2026;⚠ Fora do Prazo;106;🔴 Parado + 106 dias
114;;PATEO - SALVADOR;TERMACO;BA;Salvador;19250;10006683;15138;Pedido cancelado;JÁ TINHA FEITO O CANCELAMENTO DO PEDIDO;02/02/2026;;13/02/2026;353520;329363;;25/02/2026;26/02/2026;;3/18/2026;;;353520;;Conferência;;22/02/2026;⚠ Fora do Prazo;92;🔴 Parado + 92 dias
115;;HYUNDAI CAOA - RAPOSO TAVARES OFICINA;XD-DIADEMA;SP;Sao Paulo;31310;10004498;30438;Pedido cancelado;JÁ TINHA FEITO O CANCELAMENTO DO PEDIDO;02/02/2026;;02/02/2026;12048;335339;;06/02/2026;03/04/2026;;03/04/2026;;;12048;;Conferência;;22/02/2026;⚠ Fora do Prazo;56;🔴 Parado + 56 dias
116;;NOBRE - MOGI DAS CRUZES - OFICINA;–;–;–;44237;10019542;39926;Peça não compativel;Peça não compativel ;02/02/2026;;02/02/2026;245484;335331;;06/02/2026;;;;;;245484;;Conferência;;22/02/2026;⚠ Fora do Prazo;112;🔴 Parado + 112 dias
117;;HYUNDAI CAOA - RAPOSO TAVARES OFICINA;XD-DIADEMA;SP;Sao Paulo;33968;10007666;30330;Pedido duplicado;Pedido duplicado por Alex similar;02/02/2026;;;;;;;;;;;;;;Dt Reclamação;;22/02/2026;⚠ Fora do Prazo;116;🔴 Parado + 116 dias
118;;MASTER - BARREIRAS;TERMACO;BA;Barreiras;44922;10020045;40481;Peça Avariada;RECEBEMOS MERCADORIA DESSE CONHECIMENTO 325911 UM VOLUME COM AVARIA, AMASSADO NO MEIO DA PORTA;03/02/2026;;04/02/2026;43337;330203;;12/02/2026;;;;;;;;Coleta Agendada;;23/02/2026;⚠ Fora do Prazo;106;🔴 Parado + 106 dias
119;;HMB - IMARÉS;–;–;–;44088;10019338;39754;Peça fisica errada;PEÇA VEIO TROCADA DENTRO DA CAIXA NÃO CONDIS COM A REFERENCIA;03/02/2026;;04/02/2026;32150;335338;;12/02/2026;;;;;;32150;;Conferência;;23/02/2026;⚠ Fora do Prazo;106;🔴 Parado + 106 dias
120;;PATEO - JOÃO PESSOA;TERMACO;PB;João Pessoa;38748;10015984;34707;Peça não compativel;Após veículo entrar em serviço foi constatado que a peça de referência: 865304F500 está diferente da peça solicitada para o veículo do cliente.;03/02/2026;;06/02/2026;89769;;;12/02/2026;;;;;;;;Coleta Agendada;;23/02/2026;⚠ Fora do Prazo;106;🔴 Parado + 106 dias
121;;NOBRE - MOGI DAS CRUZES - OFICINA;–;–;–;44652;10019851;40226;Peça não compativel;PEÇA SOLICITADA COM ESSE PN POR ORIENTAÇÃO DE NOSSO REGIONAL, PORÉM PEÇA NÃO COMPATIVEL COM MODELO DO VEICULO QUE ESTÁ PARA REPARO ;03/02/2026;;04/02/2026;245517;335331;;12/02/2026;;;;;;245517;;Conferência;;23/02/2026;⚠ Fora do Prazo;106;🔴 Parado + 106 dias
122;;AUTOVILLE - CONTAGEM;XD BETIM;MG;Contagem;44841;10019985;40342;Peça Avariada;devido aos arranhões da peça 877123V000 e por ser cromada, teremos que realizar a devolução. Segue em anexo a nota fiscal 72831. Lembrando que recebemos este item, portanto será necessário agendar coleta. ;04/02/2026;;28/01/2026;72831;328172;;09/02/2026;05/02/2026;;;;;72831;;Conferência;;24/02/2026;⚠ Fora do Prazo;109;🔴 Parado + 109 dias
123;;HYUNDAI CAOA - CRISTIANO MACHADO;–;–;–;35360;10005657;35601;Pedido duplicado;SOLICITAMOS A DEVOLUÇÃO DOS ITENS ABAIXO , OS MESMO VIERAM DUPLICADOS  APOS UM GRANDE PERIODO EM B.O  .;05/02/2026;;12/02/2026;124200;329831;;25/02/2026;25/02/2026;;;;;124200;;Conferência;;25/02/2026;⚠ Fora do Prazo;93;🔴 Parado + 93 dias
124;;HYUNDAI CAOA - CRISTIANO MACHADO;–;–;–;31770;10007541;35593;Pedido duplicado;SOLICITAMOS A DEVOLUÇÃO DOS ITENS ABAIXO , OS MESMO VIERAM DUPLICADOS  APOS UM GRANDE PERIODO EM B.O  .;05/02/2026;;12/02/2026;124199;329831;;25/02/2026;25/02/2026;;;;;124199;;Conferência;;25/02/2026;⚠ Fora do Prazo;93;🔴 Parado + 93 dias
125;;OPEN - CASCAVEL;TRANSTRY;PR;Cascavel;45642;10020369;41167;Peça fisica errada;Recebimento da nota fiscal 41167 com a peça trocada dentro da embalagem, na nota fiscal esta uma caixa de direção PN  565002S010 e a peça fisica chegou uma   barra estabilizadora PN 555103W000-SJ.;05/02/2026;;05/02/2026;121369;339493;;12/02/2026;27/03/2026;;;;;121369;;Conferência;;25/02/2026;⚠ Fora do Prazo;63;🔴 Parado + 63 dias
126;;CARHOUSE - PORTO ALEGRE;TRANSTRY;RS;Porto Alegre;17262;10005204;13103;Pedido duplicado por Alex Agostinho;Item 28650D3470 fornecido aos pedidos abaixo substituindo 3 vezes o mesmo pedido antigo, solicito autorização para devolver os dois duplicados 10005245 e 100007273.;05/02/2026;;02/06/2026;200132;333361;;11/03/2026;12/03/2026;;;;;200132;;Conferência;;25/02/2026;⚠ Fora do Prazo;-4;🟢 OK
127;;CARHOUSE - PORTO ALEGRE;TRANSTRY;RS;Porto Alegre;17327;10005245;13151;Pedido duplicado por Alex Agostinho;Item 28650D3470 fornecido aos pedidos abaixo substituindo 3 vezes o mesmo pedido antigo, solicito autorização para devolver os dois duplicados 10005245 e 100007273.;05/02/2026;;;;;;;;;;;;;;Dt Reclamação;;25/02/2026;⚠ Fora do Prazo;113;🔴 Parado + 113 dias
128;;CARHOUSE - PORTO ALEGRE;TRANSTRY;RS;Porto Alegre;20567;10007273;16058;Pedido duplicado por Alex Agostinho;Item 28650D3470 fornecido aos pedidos abaixo substituindo 3 vezes o mesmo pedido antigo, solicito autorização para devolver os dois duplicados 10005245 e 100007273.;05/02/2026;;02/06/2026;200133;333361;;11/03/2026;12/03/2026;;;;;200133;;Conferência;;25/02/2026;⚠ Fora do Prazo;-4;🟢 OK
129;;CAOA – BARRA DA TIJUCA;CAMILO;RJ;Rio de Janeiro;45466;10020419;41024;Peça não compativel;Bom dia ao conferirmos os volumes dessa nota fiscal constatamos que uma das peças estava avariada, segue abaixo imagens e ressalva.Vale ressaltar que dentro da caixa também vieram duas peças de ferro como demonstro na foto e provavelmente foram elas as causadoras dessa avaria.;05/02/2026;;11/02/2026;84707;332120;;05/03/2026;06/03/2026;;24/03/2026;;;84707;;Conferência;;25/02/2026;⚠ Fora do Prazo;66;🔴 Parado + 66 dias
130;;PRIME - LINHARES OFICINA;CAMILO;ES;Linhares;42212;10018164;39403;Peça não compativel;NÃO TEM RESSALVA, A PEÇA NÃO SERVIU PRO CARRO DA CLIENTE CONFORME FOI DESCRITO NO CORPO DO EMAIL.;05/02/2026;;05/02/2026;61550;332127;;25/02/2026;10/03/2026;;;;;61550;;Conferência;;25/02/2026;⚠ Fora do Prazo;80;🔴 Parado + 80 dias
131;;OPEN - CASCAVEL;TRANSTRY;PR;Cascavel;45543;10019439;41115;Peça avariada;Recebemos a nota fiscal 41115 com o item 8681113V500 faltando a metade da peça, dentro do volume.;06/02/2026;;06/02/2026;121399;337563;;12/02/2026;20/03/2026;;;;;;;Coleta Efetuada;;26/02/2026;⚠ Fora do Prazo;70;🔴 Parado + 70 dias
132;;BARIGUI - JARAGUÁ DO SUL;TRANSTRY;SC;Jaraguá do Sul;45653;10020575;41307;Peça fisica errada;Foi solicitado um parachoque dianteiro código 865112S00 mas dentro da embalagem esta um parachoque traseiro do código 866122S000;06/02/2026;;06/02/2026;4091;333357;;12/02/2026;11/03/2026;;;;;4091;;Conferência;;26/02/2026;⚠ Fora do Prazo;79;🔴 Parado + 79 dias
133;;ULSAN - CAMPO GRANDE;CARVALIMA;MS;Campo Grande;17645;10005524;13473;Pedido duplicado;Pedido duplicado;06/02/2026;;09/02/2026;179522;329595;;13/02/2026;16/02/2026;;03/03/2026;;;179522;;Conferência;;26/02/2026;⚠ Fora do Prazo;87;🔴 Parado + 87 dias
134;;ULSAN - CAMPO GRANDE;CARVALIMA;MS;Campo Grande;22938;10008455;17734;Pedido duplicado;Pedido duplicado;06/02/2026;;09/02/2026;179527;329595;;13/02/2026;16/02/2026;;03/03/2026;;;;;Recebido XD Diadema;;26/02/2026;⚠ Fora do Prazo;87;🔴 Parado + 87 dias
135;;ULSAN - CAMPO GRANDE;CARVALIMA;MS;Campo Grande;18387;10005978;14052;Pedido duplicado;PEDIDO CRIADO EM SUBSTITUIÇÃO AO 10001279;06/02/2026;;09/02/2026;179529;329595;;13/02/2026;16/02/2026;;03/03/2026;;;179529;;Conferência;;26/02/2026;⚠ Fora do Prazo;87;🔴 Parado + 87 dias
136;;ULSAN - CAMPO GRANDE;CARVALIMA;MS;Campo Grande;26441;10010183;20704;Cliente dessistiu devido a demora no faturamento ;Cliente dessistiu devido a demora no faturamento ;06/02/2026;;09/02/2026;179528;329595;;13/02/2026;16/02/2026;;03/03/2026;;;;;Recebido XD Diadema;;26/02/2026;⚠ Fora do Prazo;87;🔴 Parado + 87 dias
137;;ULSAN - CAMPO GRANDE;CARVALIMA;MS;Campo Grande;20973;10007710;16140;Pedido duplicado;PEDIDO CRIADO EM SUBSTITUIÇÃO AO 10001279;06/02/2026;;09/02/2026;179517;329595;;13/02/2026;16/02/2026;;03/03/2026;;;179517;;Conferência;;26/02/2026;⚠ Fora do Prazo;87;🔴 Parado + 87 dias
138;;ULSAN - CAMPO GRANDE;CARVALIMA;MS;Campo Grande;26441;10010183;20704;Cliente dessistiu devido a demora no faturamento ;Cliente dessistiu devido a demora no faturamento ;06/01/2026;;09/02/2026;179520;329595;;13/02/2026;16/02/2026;;03/03/2026;;;179520;;Conferência;;26/01/2026;⚠ Fora do Prazo;87;🔴 Parado + 87 dias
139;;ULSAN - CAMPO GRANDE;CARVALIMA;MS;Campo Grande;26470;10010186;20668;Cliente dessistiu devido a demora no faturamento ;Cliente dessistiu devido a demora no faturamento ;06/02/2026;;09/02/2026;179521;329595;;13/02/2026;16/02/2026;;03/03/2026;;;179521;;Conferência;;26/02/2026;⚠ Fora do Prazo;87;🔴 Parado + 87 dias
140;;ULSAN - CAMPO GRANDE;CARVALIMA;MS;Campo Grande;19692;10000494;17189;Pedido cancelado;Pedido cancelado;06/02/2026;;09/02/2026;179519;329595;;13/02/2026;16/02/2026;;03/03/2026;;;;;Recebido XD Diadema;;26/02/2026;⚠ Fora do Prazo;87;🔴 Parado + 87 dias
141;;ULSAN - CAMPO GRANDE;CARVALIMA;MS;Campo Grande;3379;10000494;861;Cliente dessistiu devido a demora no faturamento ;Cliente dessistiu devido a demora no faturamento ;09/02/2026;;09/02/2026;179533;328493;;13/02/2026;13/03/2026;;25/02/2026;;;;;Recebido XD Diadema;;01/03/2026;⚠ Fora do Prazo;77;🔴 Parado + 77 dias
142;;PATEO - SALVADOR;TERMACO;BA;Salvador;7338;960216;4057;Pedido não solicitado;Enviado para loja errada;09/02/2026;;;352938;;;;;;;;;;;Nº NFD;;01/03/2026;⚠ Fora do Prazo;109;🔴 Parado + 109 dias
143;;ULSAN - CAMPO GRANDE;CARVALIMA;MS;Campo Grande;9540;10000474;5582;Cliente dessistiu devido a demora no faturamento ;Cliente desistiu da compra pela demora;26/01/2026;;09/02/2026;179531;329595;;13/02/2026;16/02/2026;;03/03/2026;;;179531;;Conferência;;15/02/2026;⚠ Fora do Prazo;87;🔴 Parado + 87 dias
144;;GERAÇÃO - ILHA;TRANSTRY;SC;Florianópolis;42560;10018289;38534;Peça não compativel;Peça veio incorreta, deveria ser a medida de 19mm e veio medida de 16mm.;09/02/2026;;09/02/2026;16264;304439;;13/02/2026;;;;;;;;Coleta Agendada;;01/03/2026;⚠ Fora do Prazo;105;🔴 Parado + 105 dias
145;;GRANDE COREIA - MONTES CLAROS;XD BETIM;MG;Montes Claros;45373;10020357;40975;Peça avariada;Peça chegou ao concessionario com a avaria descrimidnada, por ser uma peça que não vai pintura, ela se torna invalida para venda balcão;09/02/2026;;09/02/2026;28503;332124;;05/03/2026;09/03/2026;;;;;28503;;Conferência;;01/03/2026;⚠ Fora do Prazo;81;🔴 Parado + 81 dias
146;;BARI - BLUMENAU OFICINA;TRANSTRY;SC;Blumenau;45129;10020187;40648;Peça fisica errada;Foi solicitado e emitido NF da peça 872922E000 e foi enviado filtros 31112A70A0, conforme etiqueta abaixo na caixa.NF 40648.;09/02/2026;;09/02/2026;140404;332126;;11/02/2026;10/03/2026;;;;;140404;;Conferência;;01/03/2026;⚠ Fora do Prazo;80;🔴 Parado + 80 dias
147;;PATEO - FEIRA DE SANTANA;TERMACO;BA;Feira de Santana;42706;10015433;41195;Pedido duplicado;Pedido duplicado;10/02/2026;;09/02/2026;89173;330037;;25/02/2026;;;;;;89173;;Conferência;;02/03/2026;⚠ Fora do Prazo;93;🔴 Parado + 93 dias
148;;SMAFF - BRASÍLIA;RIO VERMELHO;DF;Brasília;35623;10009128;41248;Peça fisica errada;Peça veio errado foi uma roda no lugar ;10/02/2026;;11/02/2026;380952;333358;;25/02/2026;02/03/2026;;;;;;;Coleta Efetuada;;02/03/2026;⚠ Fora do Prazo;88;🔴 Parado + 88 dias
149;;SEVEC - CURITIBA;–;–;–;44936;10020062;40457;Peça faltante;Durante a conferência da Nota Fiscal nº 40497, foi identificada a falta de uma peça, código 98510G2000 Em anexo, seguem as fotos da ressalva, o template preenchido e as evidências para melhor visualização e análise.;11/02/2026;;;;;;;;;;;;;;Dt Reclamação;;03/03/2026;⚠ Fora do Prazo;107;🔴 Parado + 107 dias
150;;ANDRETA - CAMPINAS;XD-DIADEMA;SP;Campinas;36970;10014775;41302;Peça avariada;NO ATO DA ENTREGA FOI REALIZADA A CONFERÊNCIA JUNTO AO MOTORISTA, MOMENTO EM QUE CONSTATAMOS QUE A PEÇA REFERENTE À NOTA FISCAL 33071 APRESENTA AVARIA NA PARTE DA SERIGRAFIA, CONFORME FOTO EM ANEXO. PEÇA R86111A5526BI - DE 01 PEÇA DE  01 VOLUME;12/02/2026;;12/02/2026;257815;;;09/03/2026;17/04/2026;;;;;257815;;Conferência;;04/03/2026;⚠ Fora do Prazo;42;🔴 Parado + 42 dias
151;;SEVEC - CURITIBA;–;–;–;45274;10020300;40813;Peça avariada;"referente a nf 40813- Após a conferencia da nota fiscal 40813, foi identificado uma avaria, código 822102l000 1 unidade - VINDO com a embalagem escrita ""avariada"" ";13/02/2026;;13/02/2026;355852;337557;;25/02/2026;19/03/2026;;;;;355852;;Conferência;;05/03/2026;⚠ Fora do Prazo;71;🔴 Parado + 71 dias
152;;ULSAN - CAMPO GRANDE;CARVALIMA;MS;Campo Grande;28591;10005591;41357;Cliente dessistiu devido a demora no faturamento ;Cliente dessistiu devido a demora no faturamento ;13/02/2026;;;;;;;;;;;;;;Dt Reclamação;;05/03/2026;⚠ Fora do Prazo;105;🔴 Parado + 105 dias
153;;ULSAN - CAMPO GRANDE;CARVALIMA;MS;Campo Grande;39993;10000494;41291;Cliente dessistiu devido a demora no faturamento ;Cliente dessistiu devido a demora no faturamento ;13/02/2026;;;;;;;;;;;;;;Dt Reclamação;;05/03/2026;⚠ Fora do Prazo;105;🔴 Parado + 105 dias
154;;ULSAN - CAMPO GRANDE;CARVALIMA;MS;Campo Grande;30060;10011445;24653;Cliente dessistiu devido a demora no faturamento ;Cliente dessistiu devido a demora no faturamento ;13/02/2026;;;;;;;;;;;;;;Dt Reclamação;;05/03/2026;⚠ Fora do Prazo;105;🔴 Parado + 105 dias
155;;ULSAN - CAMPO GRANDE;CARVALIMA;MS;Campo Grande;33258;10011445;30773;Cliente dessistiu devido a demora no faturamento ;Cliente dessistiu devido a demora no faturamento ;14/02/2026;;;;;;;;;;;;;;Dt Reclamação;;06/03/2026;⚠ Fora do Prazo;104;🔴 Parado + 104 dias
156;;ULSAN - CAMPO GRANDE;CARVALIMA;MS;Campo Grande;30104;10011445;27513;Cliente dessistiu devido a demora no faturamento ;Cliente dessistiu devido a demora no faturamento ;15/02/2026;;;;;;;;;;;;;;Dt Reclamação;;07/03/2026;⚠ Fora do Prazo;103;🔴 Parado + 103 dias
157;;ULSAN - CAMPO GRANDE;CARVALIMA;MS;Campo Grande;32885;10011445;28142;Cliente dessistiu devido a demora no faturamento ;Cliente dessistiu devido a demora no faturamento ;16/02/2026;;;;;;;;;;;;;;Dt Reclamação;;08/03/2026;⚠ Fora do Prazo;102;🔴 Parado + 102 dias
158;;ULSAN - CAMPO GRANDE;CARVALIMA;MS;Campo Grande;30060;10011445;24653;Cliente dessistiu devido a demora no faturamento ;Cliente dessistiu devido a demora no faturamento ;13/02/2026;;;;;;;;;;;;;;Dt Reclamação;;05/03/2026;⚠ Fora do Prazo;105;🔴 Parado + 105 dias
159;;ULSAN - CAMPO GRANDE;CARVALIMA;MS;Campo Grande;30060;10011445;24653;Cliente dessistiu devido a demora no faturamento ;Cliente dessistiu devido a demora no faturamento ;13/02/2026;;10/03/2026;180581;334332;;19/03/2026;18/03/2026;;;;;180581;;Conferência;;05/03/2026;⚠ Fora do Prazo;71;🔴 Parado + 71 dias
160;;ULSAN - CAMPO GRANDE;CARVALIMA;MS;Campo Grande;30060;10011445;24653;Cliente dessistiu devido a demora no faturamento ;Cliente dessistiu devido a demora no faturamento ;13/02/2026;;;;;;;;;;;;;;Dt Reclamação;;05/03/2026;⚠ Fora do Prazo;105;🔴 Parado + 105 dias
161;;BARIGUI - JARAGUÁ DO SUL;TRANSTRY;SC;Jaraguá do Sul;46238;10020989;41835;Peça fisica errada;Foi solicitado um parachoque dianteiro código 865112S00 mas dentro da embalagem esta um parachoque dianteiro inferior do código B865122S500;13/02/2026;;13/02/2026;4151;333357;;25/02/2026;10/03/2026;;;;;4151;;Conferência;;05/03/2026;⚠ Fora do Prazo;80;🔴 Parado + 80 dias
162;;GoldenMotors - Araçatuba;MVT;SP;Vila Santa Maria;45364;10020348;41084;Peça não compativel;Realizamos o pedido de um sensor de combustivel flex (B944602S900), atraves do pedido nº 10020348. Porém o que chegou para nós foi o sensor de combustivel gasolina (944602S900);13/02/2026;;;4440;;;18/03/2026;;;;;;;;Coleta Agendada;;05/03/2026;⚠ Fora do Prazo;72;🔴 Parado + 72 dias
163;;GALA - PELOTAS;TRANSTRY;RS;Pelotas;46818;10021389;42337;Peça avariada;PARACHOQUE  CHEGOU COM UMA PARTE QUEBRADA, INUTILIZANDO O MESMO.;20/02/2026;;26/02/2026;107003;333363;;13/03/2026;12/03/2026;;;;;;;Coleta Efetuada;;12/03/2026;⚠ Fora do Prazo;77;🔴 Parado + 77 dias
164;;SAGA - GOIÂNIA II;RIO VERMELHO;GO;Goiânia;39070;10016139;35038;Peça não compativel;DIVERGENCIA FOI IDENTIFICADA NO MOMENTO DA MONTAGEM DO MOTOR, QUANDO COMPARAMOS COM A PECA QUE ESTAVA NO VEICULO DO ;23/02/2026;;21/02/2026;84556;332122;;05/03/2026;06/03/2026;;19/03/2026;;;84556;;Conferência;;15/03/2026;⚠ Fora do Prazo;71;🔴 Parado + 71 dias
165;;GRANDE COREIA - SALVADOR;TERMACO;BA;Salvador;37833;10015461;33761;Peça não compativel;A peça de código 944602S900 está errada na embalagem. Foi pedido conforme chassi, mas é incompatível com a peça instalada no veículo do cliente.;24/02/2026;;25/03/2026;293562;339035;;30/03/2026;;;;;;;;Coleta Agendada;;16/03/2026;⚠ Fora do Prazo;60;🔴 Parado + 60 dias
166;;GRANDE COREIA - SALVADOR;TERMACO;BA;Salvador;45412;10020392;40958;Peça fisica errada;A peça de código 495012S760 está errada na embalagem. A peça pedida é lado direito, mas veio o esquerdo.;24/02/2026;;27/03/2026;293844;337975;;07/04/2026;;;;;;;;Coleta Agendada;;16/03/2026;⚠ Fora do Prazo;52;🔴 Parado + 52 dias
167;;GALA - PELOTAS;TRANSTRY;RS;Pelotas;46632;10021228;42138;Peça avariada;Capô avariado. Amassado e inclinado na ponta;25/02/2026;;25/02/2026;106948;331315;;05/03/2026;03/03/2026;;;;;106948;;Conferência;;17/03/2026;⚠ Fora do Prazo;85;🔴 Parado + 85 dias
168;;CAOA - CONSOLACÃO;XD-DIADEMA;SP;São Paulo;47328;10021533;42823;Pedido duplicado;duplicidade de pedido ;25/02/2026;;;114219;;;;;;;;;;;Nº NFD;;17/03/2026;⚠ Fora do Prazo;93;🔴 Parado + 93 dias
169;;HMB - IMARÉS;–;–;–;47078;10021557;42584;Peça avariada;RECEBEMOS UM PARA-CHOQUE NA DATA 19/02/26 QUEBRADO E PINTADO  FOI CONFERIDO NA PRESENÇA DO MOTORISTA COM REF. 865113X020;25/02/2026;;26/02/2026;32902;335338;;05/03/2026;;;;;;32902;;Conferência;;17/03/2026;⚠ Fora do Prazo;85;🔴 Parado + 85 dias
170;;NEW - FRANCA;MVT;SP;Franca;46140;10020922;41782;Peça faltante;APÓS LIBERAÇÃO DE ENTRADA PARA GUARDAR, NOTAMOS FALTA DE UM VOLUME DO ITEM: 863622S500 DEMAIS VOLUMES E ITENS DA ENTREGA ESTÃO COERENTES.;20/02/2026;;;-;;;;;;;;;;;Nº NFD;;12/03/2026;⚠ Fora do Prazo;98;🔴 Parado + 98 dias
171;;PRIME - SERRA;CAMILO;ES;Serra;46459;10021082;41943;Peça avariada;PEÇA ENVIADA PELA MONTADORA NÃO É COMPATÍVEL COM A SOLICITADA.;25/02/2026;;;;;;;;;;;;;;Dt Reclamação;;17/03/2026;⚠ Fora do Prazo;93;🔴 Parado + 93 dias
172;;CAOA - OFICINA CEASA;–;–;–;41573;10003619;37597;Peça não compativel;Após o recebimento e verificação da peça, constatou-se que a mesma é incompatível com o veículo informado no momento da compra, não sendo possível realizar ainstalação ou utilização adequada.;26/02/2026;;02/03/2026;113217;;;09/03/2026;;;;;;;;Coleta Agendada;;18/03/2026;⚠ Fora do Prazo;81;🔴 Parado + 81 dias
173;;CARWAY - PORTO ALEGRE (AZENHA);–;–;–;37512;10015299;32900;Peça avariada;Conforme orientado pela montadora, via email, para atender o reclame do cliente, recebemos a peça completa para remover a peça danificada e devolver.;04/03/2026;;03/03/2026;277123;;;09/03/2026;;;;;;;;Coleta Agendada;;24/03/2026;⚠ Fora do Prazo;81;🔴 Parado + 81 dias
174;;HB CAOA - FORTALEZA;TERMACO;CE;Fortaleza;46815;10021291;42397;Peça enviada a mais que solicitado;FOI CONSTATADO NO ATO DO RECEBIMENTO QUE O VOLUME REFERENTE A NOTA 42397 VEIO SOBRANDO 13 Unidades;02/03/2026;;;;;;;;;;;;;;Dt Reclamação;;22/03/2026;⚠ Fora do Prazo;88;🔴 Parado + 88 dias
175;;CAOA - IMBIRIBEIRA;–;–;–;46582;10021148;42015;Peça avariada;RECEBEMOS 01 PEÇA COM AVARIA. TRATA-SE DA PEÇA DE CÓDIGO 924022V120 – LANTERNA TRASEIRA LD DA NOTA FISCAL 42015. lascado na lateral;02/03/2026;;26/03/2026;210240;337076;;01/04/2026;;;;;;210240;;Conferência;;22/03/2026;⚠ Fora do Prazo;58;🔴 Parado + 58 dias
176;;SAGA - GOIÂNIA II;RIO VERMELHO;GO;Goiânia;45485;10020451;41126;Peça não compativel;DIVERGENCIA FOI IDENTIFICADA NO MOMENTO DA MONTAGEM DA PECA, QUANDO O CLIENTE COMPAROU COM A OUTRA;03/03/2026;;;;;;;;;;;;;;Dt Reclamação;;23/03/2026;⚠ Fora do Prazo;87;🔴 Parado + 87 dias
177;;HMB - IMARÉS;–;–;–;47275;10021632;42794;Peça enviada a mais que solicitado;Consta na NF a referência 2550023010, porém recebemos 07 unidades a mais.;03/03/2026;;;-;;;;;;;;;;;Nº NFD;;23/03/2026;⚠ Fora do Prazo;87;🔴 Parado + 87 dias
178;;GERAÇÃO - ILHA;TRANSTRY;SC;Florianópolis;45477;10020443;41049;Pedido cancelado;SOLICITADO O CANCELAMENTO E CONFIRMADO -- PEDIDO 10020443 PN 583502EA00;06/03/2026;;;;;;;;;;;;;;Dt Reclamação;;26/03/2026;⚠ Fora do Prazo;84;🔴 Parado + 84 dias
179;;GERAÇÃO - ILHA;TRANSTRY;SC;Florianópolis;55351;10020443;43261;Pedido cancelado;SOLICITADO O CANCELAMENTO E CONFIRMADO -- PEDIDO 10020443 PN 583502EA00;09/03/2026;;09/03/2026;16846;305155;;12/03/2026;;;;;;16846;;Conferência;;29/03/2026;⚠ Fora do Prazo;78;🔴 Parado + 78 dias
180;;CAOA - SBC;–;–;–;61682;10022243;43511;Peça não compativel;PEÇA VEIO DIVERGENTE CATALOGO NÃO TRAS CODIGO CORRETO.;06/03/2026;;;;;;;;;;;;;;Dt Reclamação;;26/03/2026;⚠ Fora do Prazo;84;🔴 Parado + 84 dias
181;;BARI - ITAJAÍ OFICINA;TRANSTRY;SC;Itajaí;43907;10019264;39630;Peça fisica errada;Boa tarde, informo que o item 92406D3000 faturado na NF 39630 estava divergente dentro da caixa, era para ser lado direito e veio o lado esquerdo.;10/03/2026;;16/03/2026;136880;337554;;19/03/2026;19/03/2026;;;;;;;Coleta Efetuada;;30/03/2026;⚠ Fora do Prazo;71;🔴 Parado + 71 dias
182;;HMB - IMARÉS;–;–;–;44013;10019338;39671;Cliente dessistiu devido a demora no faturamento ;Devido à divergência referente à falta da peça, o cliente optou por retirar o veículo da autorizada.;10/03/2026;;23/03/2026;33703;318674;;27/03/2026;;;;;;;;Coleta Agendada;;30/03/2026;⚠ Fora do Prazo;63;🔴 Parado + 63 dias
183;;SINAL - BARUERI;XD-DIADEMA;SP;Barueri;47656;10021855;43727;Pedido cancelado;Informo que a peça 331004A700, referente ao pedido 10021855, foi cancelada. O cancelamento ocorreu devido a uma inconsistência na identificação do veículo vinculado ao pedido.;11/03/2026;;11/03/2026;265747;;;17/03/2026;;;;;;;;Coleta Agendada;;31/03/2026;⚠ Fora do Prazo;73;🔴 Parado + 73 dias
184;;HYUNDAI CAOA - RAPOSO TAVARES OFICINA;XD-DIADEMA;SP;Sao Paulo;61835;10021916;43620;Peça não compativel;CONFORME INFORMADO ANTERIORMENTE O ITEM PN 86540D3020 NAO ATENDE O PEDIDO, POIS NELE  ENCONTRA-SE  FUROS PARA ENCAIXE DO SENSOR DE ESTACIONAMENTO! O MODELO QUE PRECISAMOS É PN 86511D3000 O MODELO QUE PRECISAMOS NÃO CONTEM OS FUROS DE SENSOR DE ESTACIONAMENTO!;11/03/2026;;;;;;;;;;;;;;Dt Reclamação;;31/03/2026;⚠ Fora do Prazo;79;🔴 Parado + 79 dias
185;;GALA - PELOTAS;TRANSTRY;RS;Pelotas;47400;10021816;43002;Peça avariada;Peça chegou na CC avariada.;13/03/2026;;13/03/2026;107323;341448;;19/03/2026;;;;;;107323;;Conferência;;02/04/2026;⚠ Fora do Prazo;71;🔴 Parado + 71 dias
186;;ANDRETA - CAMPINAS;XD-DIADEMA;SP;Campinas;46919;10021459;42467;Peça fisica errada;NO ATO DA ENTREGA FOI REALIZADA A CONFERÊNCIA JUNTO AO MOTORISTA, MOMENTO EM QUE CONSTATAMOS QUE A PEÇA REFERENTE À NOTA FISCAL 33071 APRESENTA AVARIA NA PARTE DA SERIGRAFIA, CONFORME FOTO EM ANEXO. PEÇA R86111A5526BI - DE 01 PEÇA DE  01 VOLUME;13/03/2026;;31/03/2026;261659;;;08/04/2026;;;;;;;;Coleta Agendada;;02/04/2026;⚠ Fora do Prazo;51;🔴 Parado + 51 dias
187;;DESTAQUE - ATIBAIA;XD-DIADEMA;SP;Atibaia;62254;10022698;44013;Peça avariada;PEÇA COM MARCA DE RISCO E AMASSADO;15/03/2026;;02/04/2026;98421;;;15/04/2026;;;;;;;;Coleta Agendada;;04/04/2026;⚠ Fora do Prazo;44;🔴 Parado + 44 dias
188;;GoldenMotors - Araçatuba;MVT;SP;Vila Santa Maria;46579;10021186;42280;Peça fisica errada;Realizamos o pedido de um sensor de combustivel flex (B944602S900), atraves do pedido nº 10021186. Porém o que chegou para nós foi o sensor de combustivel gasolina (944602S900);15/03/2026;;;;;;;;;;;;;;Dt Reclamação;;04/04/2026;⚠ Fora do Prazo;75;🔴 Parado + 75 dias
189;;CARHOUSE - SANTA MARIA;TRANSTRY;RS;Santa Maria;43076;10018624;38934;Peça avariada;Durante a conferência foi detectada uma avaria, avaria na peça 86511R1600BIJ.;16/03/2026;;;;;;;;;;;;;;Dt Reclamação;;05/04/2026;⚠ Fora do Prazo;74;🔴 Parado + 74 dias
190;;SEVEL -  ARACAJU;–;–;–;44968;10019928;42433;Peça fisica errada;PEÇA TROCADA DENTRO DA EMBALAGEM. NO LUGAR DA PEÇA REF. 86511D3000 VEIO A PEÇA REF. 86512D3500.;16/03/2026;;16/03/2026;202783;342598;;19/03/2026;19/03/2026;;;;;;;Coleta Efetuada;;05/04/2026;⚠ Fora do Prazo;71;🔴 Parado + 71 dias
191;;VITAL - IPATINGA;XD BETIM;MG;Ipatinga;41569;961631;41190;Peça não compativel;Em 2024 inseri um pedido no portal pois  precisava de uma jogo de vela da HD 80 nessa ocasião pedi ajuda ao analista da época e ele me orientou a pedir a vela   com o codigo 05003519920,essa peça estava em bo e so foi faturada agora chegando pra  na loja em 04/02/2026 porem a peça enviada nao serve na HD;17/03/2026;;09/03/2026;73785;338367;;19/03/2026;;;;;;73785;;Conferência;;06/04/2026;⚠ Fora do Prazo;71;🔴 Parado + 71 dias
192;;CARBEL - BELO HORIZONTE;XD BETIM;MG;Belo Horizonte;62801;10012801;44375;Pedido duplicado;PEDIDO CHEGOU DUPLICIDADE - NF 44375 CÓD 96611CM500 MANDOU EM DUPLICIDADE - POIS A MESMA PEÇA CHEGOU NA NF 34646 - CÓD 96611G2000 Esse pedido errado pois já foi atendido com a NF 34646;18/03/2026;;20/03/2026;205323;;;26/03/2026;;;;;;;;Coleta Agendada;;07/04/2026;⚠ Fora do Prazo;64;🔴 Parado + 64 dias
193;;SAGA - GOIÂNIA;RIO VERMELHO;GO;Goiânia;61635;10022275;43400;Peça não compativel;Pedimos a peça 86511D3000 e a fabrica envio código 86540D3020;19/03/2026;;;;;;;;;;;;;;Dt Reclamação;;08/04/2026;⚠ Fora do Prazo;71;🔴 Parado + 71 dias
194;;ULSAN - RIO BRANCO;CARVALIMA;AC;Rio Branco;47105;10021601;42542;Peça não compativel;Peça foi solicitada conforme dados do veículo no WPC, onde foi indicado o código 331004A900 ao qual foi realizado o pedido.;20/03/2026;;25/03/2026;73085;;;30/03/2026;02/04/2026;;;;;;;Coleta Efetuada;;09/04/2026;⚠ Fora do Prazo;57;🔴 Parado + 57 dias
195;;GALA - PELOTAS;TRANSTRY;RS;Pelotas;62555;10022923;44243;Peça avariada;Peça chegou avariada na CC. Quebrada.;23/03/2026;;23/03/2026;107502;337960;;27/03/2026;25/03/2026;;;;;107502;;Conferência;;12/04/2026;⚠ Fora do Prazo;63;🔴 Parado + 63 dias
196;;AUTOVILLE - CONTAGEM;XD BETIM;MG;Contagem;45493;10020456;41094;Peça fisica errada;;23/03/2026;;26/03/2026;77136;342599;;31/03/2026;31/03/2023;;;;;;;Coleta Efetuada;;12/04/2026;⚠ Fora do Prazo;59;🔴 Parado + 59 dias
197;;GALA - PELOTAS;TRANSTRY;RS;Pelotas;62603;10022951;44303;Peça avariada;Chegou na CC avariado. Pegão profundo(raspado).;23/03/2026;;07/04/2026;107828;337555;;13/04/2026;09/04/2026;;;;;107828;;Conferência;;12/04/2026;⚠ Fora do Prazo;46;🔴 Parado + 46 dias
198;;GERAÇÃO - SAO JOSE;TRANSTRY;SC;São José;46067;10020872;41696;Cliente dessistiu devido a demora no faturamento ;Recebemos o novo parachoque, agora o correto e precisamos devolver a peça errado;23/03/2026;;23/03/2026;380266;;;26/03/2026;;;;;;;;Coleta Agendada;;12/04/2026;⚠ Fora do Prazo;64;🔴 Parado + 64 dias
199;;CARWAY - CANOAS;–;–;–;47094;10021592;42539;Peça avariada;;23/03/2026;;;;;;;;;;;;;;Dt Reclamação;;12/04/2026;⚠ Fora do Prazo;67;🔴 Parado + 67 dias
200;;BARI - BLUMENAU OFICINA;TRANSTRY;SC;Blumenau;62480;10022864;44221;Peça fisica errada;Nota Fiscal nº 44221 referente ao pedido nº 62480.No ato do recebimento foi identificado divergência na peça. Código da etiqueta 866902S010, porém o código da peça é o B865112S300.;23/03/2026;;23/03/2026;142372;339153;;26/03/2026;16/04/2026;;;;;142372;;Conferência;;12/04/2026;⚠ Fora do Prazo;43;🔴 Parado + 43 dias
201;;PRIME - SERRA;CAMILO;ES;Serra;45218;10020262;40865;Peça avariada;na embalagem .;23/03/2026;;24/03/2026;243882;;;27/03/2026;;;;;;;;Coleta Agendada;;12/04/2026;⚠ Fora do Prazo;63;🔴 Parado + 63 dias
202;;SINAL - SÃO CAETANO;XD-DIADEMA;SP;São Caetano do Sul;44238;10019544;39818;Peça fisica errada;Não há ressalva  pois a peça foi recebida normalmente e somente após a venda houve a constatação que a peça estava errada;24/03/2026;;;278438;;;;;;;;;;;Nº NFD;;13/04/2026;⚠ Fora do Prazo;66;🔴 Parado + 66 dias
203;;CAOA - CONSOLACÃO;XD-DIADEMA;SP;São Paulo;46127;10020838;41809;Peça não compativel;Solicitado peça com codigo errado;24/03/2026;;24/03/2026;114747;;;30/03/2026;;;;;;;;Coleta Agendada;;13/04/2026;⚠ Fora do Prazo;60;🔴 Parado + 60 dias
204;;HB CAOA - FORTALEZA;TERMACO;CE;Fortaleza;61977;10022402;43833;Peça avariada;O ITEM CHEGOU AVARIADO POR CONTA DO ARMAZENAMENTO DENTRO DA CAIXA COMO MOSTRAM AS FOTOS ABAIXO.;24/03/2026;;24/03/2026;128844;338722;;27/03/2026;;;;;;;;Coleta Agendada;;13/04/2026;⚠ Fora do Prazo;63;🔴 Parado + 63 dias
205;;HYUNDAI CAOA - TIJUCA OFICINA;CAMILO;RJ;Rio de Janeiro;41871;962675;38093;Pedido não solicitado;Ao analisar a nota, identificamos que todos os pedidos realizados por nossa filial para esse item já haviam sido devidamente atendidos e recebidos, não havendo pedido em aberto que justifique o envio dessas pastilhas;24/03/2026;;24/03/2026;23898;310324;;27/03/2026;;;;;;23898;;Conferência;;13/04/2026;⚠ Fora do Prazo;63;🔴 Parado + 63 dias
206;;ULSAN - CAMPO GRANDE;CARVALIMA;MS;Campo Grande;43675;10019082;39441;Peça não compativel;A peça foi solicitada do lado incorreto. O correto seria lado direito, porém acabou sendo incluída no orçamento a peça do lado esquerdo.;25/03/2026;;;;;;;;;;;;;;Dt Reclamação;;14/04/2026;⚠ Fora do Prazo;65;🔴 Parado + 65 dias
207;;MOTONET - SOROCABA OFICINA;–;–;–;63536;10023484;44871;Peça avariada;Porta avariada;25/03/2026;;;;;;;;;;;;;;Dt Reclamação;;14/04/2026;⚠ Fora do Prazo;65;🔴 Parado + 65 dias
208;;CARHOUSE - PORTO ALEGRE;TRANSTRY;RS;Porto Alegre;62803;10007622;44381;Pedido duplicado;PRODUTO ENVIADO EM DUPLICIDADE;25/03/2026;;;;;;;;;;;;;;Dt Reclamação;;14/04/2026;⚠ Fora do Prazo;65;🔴 Parado + 65 dias
209;;URCA RIO VERDE OFICINA;–;–;–;24755;10005745;22433;Peça avariada;Mercadoria acusou falha interna no componente  kit recall - 919403k005qqh, após substituicao da peça ficou acusando luz de abs, freio de mao e de estabilidade acessa no painel.;26/03/2026;;27/03/2026;128151;336782;;01/04/2026;31/03/2026;;;;;;;Coleta Efetuada;;15/04/2026;⚠ Fora do Prazo;58;🔴 Parado + 58 dias
210;;AUTOVILLE - CONTAGEM;XD BETIM;MG;Contagem;62838;10023082;44402;Peça avariada;;26/03/2026;;26/03/2026;77134;;;31/03/2026;21/04/2026;;;;;;;Coleta Efetuada;;15/04/2026;⚠ Fora do Prazo;38;🔴 Parado + 38 dias
211;;AUTOVILLE - CONTAGEM;XD BETIM;MG;Contagem;62838;10023082;44402;Peça avariada;;26/03/2026;;26/03/2026;77134;;;31/03/2026;21/04/2026;;;;;;;Coleta Efetuada;;15/04/2026;⚠ Fora do Prazo;38;🔴 Parado + 38 dias
212;;DESTAQUE - BRAGANÇA PAULISTA;XD-DIADEMA;SP;Bragança Paulista;62841;10023086;44430;Peça não compativel;Foi solicitada a peça  87110G2110-BI  CONFORME PEDIDO 100010171, ;26/03/2026;;30/03/2002;96449;335343;;06/04/2026;;;;;;96449;;Conferência;;15/04/2026;⚠ Fora do Prazo;53;🔴 Parado + 53 dias
213;;UNIQUE - ANANINDEUA;CARVALIMA;PA;Ananindeua;63108;10023311;44624;Peça avariada;No ato da entrega com a embalagem lacrada, observei o engate do parachoque quebrado solto dentro da embalagem!;26/03/2026;;;;;;;;;;;;;;Dt Reclamação;;15/04/2026;⚠ Fora do Prazo;64;🔴 Parado + 64 dias
214;;SEVEC - CURITIBA;–;–;–;62853;10023100;44349;Peça avariada;Referente a nf 44349- Após a conferencia da nota fiscal 44349, foi identificado uma avaria, código 877432E001 1 unidade - VINDO com  marcas de uso e riscos em toda parte da peça;27/03/2026;;30/03/2002;358664;337553;;06/04/2026;01/04/2026;;;;;358664;;Conferência;;16/04/2026;⚠ Fora do Prazo;53;🔴 Parado + 53 dias
215;;GERAÇÃO - SAO JOSE;TRANSTRY;SC;São José;60114;10022138;43284;Devolução aceita pelo Maicon;CONFORME TRATATIVA E AUTORIZAÇÃO POR EMAIL, ESTAMOS DEVOLVENDO AS PEÇAS;27/03/2026;;27/03/2026;380576;342335;;05/05/2026;04/05/2026;;;;;380576;;Conferência;;16/04/2026;⚠ Fora do Prazo;24;🔴 Parado + 24 dias
216;;GERAÇÃO - SAO JOSE;TRANSTRY;SC;São José;60114;10022138;43284;Devolução aceita pelo Maicon;CONFORME TRATATIVA E AUTORIZAÇÃO POR EMAIL, ESTAMOS DEVOLVENDO AS PEÇAS;27/03/2026;;27/03/2026;380576;342335;;05/05/2026;04/05/2026;;;;;380576;;Conferência;;16/04/2026;⚠ Fora do Prazo;24;🔴 Parado + 24 dias
217;;GERAÇÃO - SAO JOSE;TRANSTRY;SC;São José;60114;10022138;43284;Devolução aceita pelo Maicon;CONFORME TRATATIVA E AUTORIZAÇÃO POR EMAIL, ESTAMOS DEVOLVENDO AS PEÇAS;27/03/2026;;27/03/2026;380576;342335;;05/05/2026;04/05/2026;;;;;380576;;Conferência;;16/04/2026;⚠ Fora do Prazo;24;🔴 Parado + 24 dias
218;;GRANDE COREIA - SALVADOR;TERMACO;BA;Salvador;42794;10018400;38671;Peça fisica errada;Peça PN 86611D3000 trocada dentro da embalagem.;30/03/2026;;;294754/296588;;;;;;;;;;;Nº NFD;;19/04/2026;⚠ Fora do Prazo;60;🔴 Parado + 60 dias
219;;GRANDE COREIA - SALVADOR;TERMACO;BA;Salvador;44642;10019841;40308;Peça fisica errada;Peça PN 86611D3000 trocada dentro da embalagem;30/03/2026;;08/04/2026;294740;;;14/04/2026;;;;;;;;Coleta Agendada;;19/04/2026;⚠ Fora do Prazo;45;🔴 Parado + 45 dias
220;;CAOA - IPIRANGA;XD-DIADEMA;SP;São Paulo;63270;10023343;44754;Peça avariada;Compramos um modulo de injeção PNC-391083C737  para atender um cliente balcão e quando o cliente passou o aparelho para configurar o modulo, constou que o modulo já tinha um chassis gravado impossibilitando a gravação do mesmo;30/03/2026;;04/05/2026;250827;;;07/05/2026;;;;;;;;Coleta Agendada;;19/04/2026;⚠ Fora do Prazo;22;🔴 Parado + 22 dias
221;;SMAFF - BRASÍLIA ASA NORTE;RIO VERMELHO;DF;Brasília;44101;10019413;39724;Peça não compativel;PEÇA TROCADA DENTRO DA EMBALAGEM, BOMBA DIFERENTE DA QUE ESTA NO VEICULO, SEGUEM FOTOS DAS DUAS PEÇAS PARA COMPARAÇÃO.;30/03/2026;;;;;;;;;;;;;;Dt Reclamação;;19/04/2026;⚠ Fora do Prazo;60;🔴 Parado + 60 dias
222;;HMB - IMARÉS;–;–;–;64420;10023967;45451;Pedido cancelado;tinha feito cancelamento ;30/03/2026;;31/03/2026;33982;318838;;07/04/2026;;;;;;;;Coleta Agendada;;19/04/2026;⚠ Fora do Prazo;52;🔴 Parado + 52 dias
223;;ULSAN - CAMPO GRANDE II;CARVALIMA;MS;Campo Grande;62798;10015405;44377;Pedido duplicado;Já atendido no pedido 10015405;30/03/2026;;;65086/65487;;;;;;;;;;;Nº NFD;;19/04/2026;⚠ Fora do Prazo;60;🔴 Parado + 60 dias
224;;CAOA – BARRA DA TIJUCA;CAMILO;RJ;Rio de Janeiro;64231;10023858;45375;Peça avariada;Bom dia ao conferirmos os volumes desta nota fiscal constatamos que umas das peças estava avariada.;31/03/2026;;02/04/2026;86467;342604;;09/04/2026;06/04/2026;;;;;;;Coleta Efetuada;;20/04/2026;⚠ Fora do Prazo;50;🔴 Parado + 50 dias
225;;SEVEC - CURITIBA;–;–;–;47080;10021577;42593;Cliente dessistiu devido a demora no faturamento ;Referente a NF43593- Apos a conferencia da nota fiscal 42593, foi indentificado uma avaria , codigo 822102s0001 unidade- vindocom marcas de avarias no  meio da pestana.;02/04/2026;;02/04/2026;358967;337553;;08/04/2026;07/04/2026;;;;;358967;;Conferência;;22/04/2026;⚠ Fora do Prazo;51;🔴 Parado + 51 dias
226;;CARHOUSE CAXIAS DO SUL;–;–;–;64342;10022626;45487;Peça fisica errada;Foi feito o pedido de dois Amortecedores de porta malas com o código R-817712W500 e na abertura das caixas como mostra em anexos haviam dois taparros etiquetados com o codigo dos amortecedores.Ou seja pegaram as etiquetas e colaram nos tapabarros e enviaram sem verificar quais peças eram.;02/04/2026;;06/04/2026;2647;;;10/04/2026;28/05/2026;;;;;;;Coleta Efetuada;;22/04/2026;⚠ Fora do Prazo;1;🟢 OK
227;;AUTOVILLE - BELO HORIZONTE;XD BETIM;MG;Belo Horizonte;62487;10002108;14820;Peça não compativel;PEÇA SIMILAR NÃO APLICA NO VEICULO. ;02/04/2026;;;;;;;;;;;;;;Dt Reclamação;;22/04/2026;⚠ Fora do Prazo;57;🔴 Parado + 57 dias
228;;HYUNDAI;MVT;SP;N/A;64706;10024204;45950;Peça avariada;PEÇA 921014510 CHEGOU AVARIADA ;02/04/2026;;02/04/2026;77730;339154;;09/04/2026;07/04/2026;;;;;77730;;Conferência;;22/04/2026;⚠ Fora do Prazo;50;🔴 Parado + 50 dias
229;;CARBEL - BELO HORIZONTE;XD BETIM;MG;Belo Horizonte;64274;10023888;45586;Peça fisica errada;"
NF 45586 SKU 86511D3500 - CAPA PARACHOQUE DIANT SUPERIOR chegou errado  para Carbel Korea, conforme as fotos anexo chegou foi um para-barro!";06/04/2026;;06/04/2026;206250;338238;;10/04/2026;08/04/2026;;;;;;;Coleta Efetuada;;26/04/2026;⚠ Fora do Prazo;49;🔴 Parado + 49 dias
230;;URCA - UBERLÂNDIA OFICINA;XD BETIM;MG;Uberlândia;62487;10022870;44182;PN alternativo não atende;PEÇA ENVIADA INCORRETAMENTE. ;06/04/2026;;06/04/2026;286878;338321;;09/04/2026;07/04/2026;;;;;286878;;Conferência;;26/04/2026;⚠ Fora do Prazo;50;🔴 Parado + 50 dias
231;;PATEO - SÃO LUIS (CALHAU);TERMACO;MA;São Luís;3685;10000744;1146;Peça faltante;RECEBEMOS UM CONHECIMENTO COM DOIS VOLUMES SENDO QUE UM VOLUME VEIO COM UMA FALTA DE PEÇA DENTRO DESTE VOLUME ;08/04/2026;;;161943;;;;;;;;;;;Nº NFD;;28/04/2026;⚠ Fora do Prazo;51;🔴 Parado + 51 dias
232;;SMAFF - BRASÍLIA;RIO VERMELHO;DF;Brasília;31997;10012119;26583;Peça avariada;CHEGOU AVARIADA ;08/04/2026;;19/02/2026;381268;;;13/04/2026;;;;;;;;Coleta Agendada;;28/04/2026;⚠ Fora do Prazo;46;🔴 Parado + 46 dias
233;;CAOA - ITAÚNA;CAMILO;RJ;Rio de Janeiro;61802;10021222;44480;Peça avariada;Não houve ressalva do CTE pois a caixa e o plástico estavam intactos, sendo assim o motorista do caminhão foi liberado.;08/04/2026;;09/04/2026;161636;337576;;14/04/2026;10/04/2026;;;;;161636;;Conferência;;28/04/2026;⚠ Fora do Prazo;45;🔴 Parado + 45 dias
234;;CARBEL - BELO HORIZONTE;XD BETIM;MG;Belo Horizonte;64274;10023888;45586;Pedido não solicitado;Pedido faturou para o dealer errado.;09/04/2026;;08/04/2026;51296;339043;;14/04/2026;10/04/2026;;;;;51296;;Conferência;;29/04/2026;⚠ Fora do Prazo;45;🔴 Parado + 45 dias
235;;MASTER - BARREIRAS;TERMACO;BA;Barreiras;63265;10023363;44764;Peça não compativel ;SOLICITADO O PN SIMILAR E FOI PASSADO O 495002B900, O CLIENTE INFORMOU QUE O VEICULO É DIESEL NÃO SERVE;10/04/2026;;10/04/2026;44153;332037;;16/04/2026;;;;;;;;Coleta Agendada;;30/04/2026;⚠ Fora do Prazo;43;🔴 Parado + 43 dias
236;;SMAFF - BRASÍLIA;RIO VERMELHO;DF;Brasília;32746;10012518;27435;Peça avariada;Chegou com cola;10/04/2026;;07/04/2026;383959;;;15/04/2026;;;;;;;;Coleta Agendada;;30/04/2026;⚠ Fora do Prazo;44;🔴 Parado + 44 dias
237;;CAOA – BARRA DA TIJUCA;CAMILO;RJ;Rio de Janeiro;62240;10022676;43940;Peça fisica errada;Peça trocada dentro da embalagem.;10/04/2026;;09/04/2026;86673;;;15/04/2026;17/04/2026;;;;;;;Coleta Efetuada;;30/04/2026;⚠ Fora do Prazo;42;🔴 Parado + 42 dias
238;;HYUNDAI CAOA - RAPOSO TAVARES OFICINA;XD-DIADEMA;SP;Sao Paulo;47268;10021675;42813;Peça avariada;detectamos no ato da entrega que a peça FAROL LE(CONJUNTO OPTICO) (V) PN 92101D3100 encontra-se usada. Alem de usada não atende ao pedido solicitado peça entregue errada;10/04/2026;;17/04/2026;13256;302253;;24/04/2026;;;;;;;;Coleta Agendada;;30/04/2026;⚠ Fora do Prazo;35;🔴 Parado + 35 dias
239;;BARI - PONTA GROSSA;TRANSTRY;PR;Ponta Grossa;44106;10019417;41304;Seguradora realizou o cancelamento;Item cancelado pela seguradora por conta da demora no faturamento.(Devolução aceita por Abel);10/04/2026;;10/04/2026;115893;337726;;16/04/2026;;;;;;115893;;Conferência;;30/04/2026;⚠ Fora do Prazo;43;🔴 Parado + 43 dias
240;;AUTOVILLE - CONTAGEM;XD BETIM;MG;Contagem;65324;10024610;46289;Peça avariada;Peça 253504F400 chegou avariada/quebrada.;11/04/2026;;15/04/2026;78501;342601;;24/04/2026;23/04/2026;;;;;;;Coleta Efetuada;;01/05/2026;⚠ Fora do Prazo;35;🔴 Parado + 35 dias
241;;PATEO - MANAUS;CARVALIMA;AM;Manaus;61562;10022206;43490;Peça avariada;chegou avariada/quebrada.;13/04/2026;;15/04/2026;100997;342714;;20/04/2026;15/05/2026;;;;;;;Coleta Efetuada;;03/05/2026;⚠ Fora do Prazo;14;🔴 Parado + 14 dias
242;;PATEO - MANAUS;CARVALIMA;AM;Manaus;62049;10022570;43697;Pedido duplicado;10021690;13/04/2026;;;43697;;;;;;;;;;;Nº NFD;;03/05/2026;⚠ Fora do Prazo;46;🔴 Parado + 46 dias
243;;DESTAQUE - ATIBAIA;XD-DIADEMA;SP;Atibaia;64098;10023751;45297;Peça avariada;Código 760032S040 está amassada;14/04/2026;;06/05/2026;99453;;;11/05/2026;;;;;;;;Coleta Agendada;;04/05/2026;⚠ Fora do Prazo;18;🔴 Parado + 18 dias
244;;DESTAQUE - ATIBAIA;XD-DIADEMA;SP;Atibaia;64268;10023880;45344;Peça avariada;Código 863502S500-DS e está riscada na parte porosa;14/04/2026;;06/05/2026;99452;;;11/05/2026;;;;;;;;Coleta Agendada;;04/05/2026;⚠ Fora do Prazo;18;🔴 Parado + 18 dias
245;;PATEO - SÃO LUIS (CALHAU);TERMACO;MA;São Luís;18686;10006393;14761;Devolução aceita pelo Maicon;Peças não se aplica no veiculo;14/04/2026;;;;;;;;;;;;;;Dt Reclamação;;04/05/2026;⚠ Fora do Prazo;45;🔴 Parado + 45 dias
246;;TAI - CAMPOS DOS GOYTACAZES;CAMILO;RJ;Campos dos Goytacazes;65116;10024458;46047;Devolução aceita pelo Maicon;FOI SOLITADA UMA PEÇA A MAIS. ERRO DO SOLICITANTE.;14/04/2026;;07/04/2026;166395;;;24/04/2026;22/04/2026;;;;;;;Coleta Efetuada;;04/05/2026;⚠ Fora do Prazo;35;🔴 Parado + 35 dias
247;;BARI - BLUMENAU OFICINA;TRANSTRY;SC;Blumenau;65525;10024754;46971;Peça avariada;Nota Fiscal nº 46971 referente ao pedido nº 65525. No ato do recebimento foi identificado avaria na peça 291102S550. A peça está quebrada.;17/04/2026;;17/04/2026;143470;339263;;23/04/2026;23/04/2026;;;;;143470;;Conferência;;07/05/2026;⚠ Fora do Prazo;36;🔴 Parado + 36 dias
248;;CAOA - OFICINA CEASA;–;–;–;65138;10024421;46031;Peça não compativel ;PEÇAS SOLICITADAS PARA MONTAGEM DE UM VEICULO COM O PN FORNECIDO PELO CATALOGO ESTA INCOMPATIVEL COM O VEICULO. PEÇAS MENORES. SOLICITO DEVOLUÇAO.;17/04/2026;;;114040;;;;;;;;;;;Nº NFD;;07/05/2026;⚠ Fora do Prazo;42;🔴 Parado + 42 dias
249;;DESTAQUE - BRAGANÇA PAULISTA;XD-DIADEMA;SP;Bragança Paulista;64339;10023942;45483;PN alternativo não atende;FOI SOLICITADO A PEÇA 86511D3000, numero Pedido 10023942 , porém foi atendido o pedido com o código alternativo 86540D3020 novamente o para-choque chegou com furo de senosr, e o correto, é sem o furo. O que estamos precisando é do parachoque 86511D3000 sem furo de sensor. Nesse caso a CEVA está nos enviando o para-choque com o código 86540D3020 errado. Peço gentileza que por favor nos próximos a possibilidade de verificarem o estoque antes de enviar. Vamos estar solicitando novamente o para-choque correto.;17/04/2026;;22/04/2026;96924;341216;;27/04/2026;23/04/2026;;;;;;;Coleta Efetuada;;07/05/2026;⚠ Fora do Prazo;32;🔴 Parado + 32 dias
250;;CARHOUSE - PORTO ALEGRE;TRANSTRY;RS;Porto Alegre;66883;10025673;47750;PN alternativo não atende;Foi recebido o item 866902S010 avariado no ato da entrega, segue em ;17/04/2026;;22/04/2026;204688;;;28/04/2026;28/04/2026;;;;;;;Coleta Efetuada;;07/05/2026;⚠ Fora do Prazo;31;🔴 Parado + 31 dias
251;;HYUNDAI CAOA - RAPOSO TAVARES OFICINA;XD-DIADEMA;SP;Sao Paulo;66164;10025122;47304;Peça fisica errada;LANTERNA TRAZEIRA ENTREGUE COM LADO INCORRETO. ENTREGUE 2 LADOS ESQUERDO (LH) PEDIDO FEITO UM PAR (RH-LH).;22/04/2026;;;13503;;;;;;;;;;;Nº NFD;;12/05/2026;⚠ Fora do Prazo;37;🔴 Parado + 37 dias
252;;GALA - PELOTAS;TRANSTRY;RS;Pelotas;62345;10022766;45775;Pedido cancelado;Pedido faturado após solicitação de cancelamento;26/04/2026;;24/04/2026;108191;340234;;30/04/2026;29/04/2026;;;;;108191;;Conferência;;16/05/2026;⚠ Fora do Prazo;29;🔴 Parado + 29 dias
253;;GAMBATTO - PASSO FUNDO;TRANSTRY;RS;Passo Fundo;46998;10020066;42585;Pedido extraviado encontrado;Foi enviado e-mail no dia 10/03 informando que essas duas peças da nota fiscal 42585 estavam como recebido.Recebemos orientações de incluir um novo pedido de peças pois os cliente ainda queriam comprá-las. O pedido novo foi incluido, e ;28/04/2026;;;;;;;;;;;;;;Dt Reclamação;;18/05/2026;⚠ Fora do Prazo;31;🔴 Parado + 31 dias
254;;GAMBATTO - PASSO FUNDO;TRANSTRY;RS;Passo Fundo;46998;10020066;42585;Pedido extraviado encontrado;Foi enviado e-mail no dia 10/03 informando que essas duas peças da nota fiscal 42585 estavam como recebido.Recebemos orientações de incluir um novo pedido de peças pois os cliente ainda queriam comprá-las. O pedido novo foi incluido, e ;28/04/2026;;;;;;;;;;;;;;Dt Reclamação;;18/05/2026;⚠ Fora do Prazo;31;🔴 Parado + 31 dias
255;;SMAFF - BRASÍLIA;RIO VERMELHO;DF;Brasília;66534;10025421;47553;Peça avariada;Peça chegou com marcas de uso;28/04/2026;;28/04/2026;385234;342143;;04/05/2026;06/05/2026;;;;;;;Coleta Efetuada;;18/05/2026;⚠ Fora do Prazo;23;🔴 Parado + 23 dias
256;;CARWAY - CANOAS;–;–;–;66112;10025152;47214;Peça avariada;AVARIA LOCALIZADA NO CENTRO DA PEÇA AMASSADA;28/04/2026;;;;;;;;;;;;;;Dt Reclamação;;18/05/2026;⚠ Fora do Prazo;31;🔴 Parado + 31 dias
257;;TAI - CAMPOS DOS GOYTACAZES;CAMILO;RJ;Campos dos Goytacazes;66877;10025666;47800;Peça avariada;CAIXA COM MARCAS, ABERTA E A PONTA DA PEÇA QUEBRADA ;28/04/2026;;28/04/2026;166682;;;05/05/2026;;;;;;;;Coleta Agendada;;18/05/2026;⚠ Fora do Prazo;24;🔴 Parado + 24 dias
258;;CARWAY - CANOAS;–;–;–;66247;10025250;47260;Peça avariada;PAINEL FRONTAL QUEBRADO PARTE SUPERIOR DIREITA ;28/04/2026;;;;;;;;;;;;;;Dt Reclamação;;18/05/2026;⚠ Fora do Prazo;31;🔴 Parado + 31 dias
259;;CARHOUSE - PORTO ALEGRE;TRANSTRY;RS;Porto Alegre;64687;10024186;47212;Peça fisica errada;Poderia verificar o fornecimento do código 865502s100, chegou o item 865812s100 dentro da caixa sendo uma peça diferente conforme imagens;28/04/2026;;28/04/2026;205209;;;04/05/2026;;;;;;;;Coleta Agendada;;18/05/2026;⚠ Fora do Prazo;25;🔴 Parado + 25 dias
260;;BARI - PONTA GROSSA;TRANSTRY;PR;Ponta Grossa;67167;10025875;47975;Peça avariada;A caixa foi aberta na presença do motorista, o item veio totalmente solto dentro da embalagem sem nenhum tipo de proteção toda arranhada.;28/04/2026;;;;;;;;;;;;;;Dt Reclamação;;18/05/2026;⚠ Fora do Prazo;31;🔴 Parado + 31 dias
261;;CARBEL - BELO HORIZONTE;XD BETIM;MG;Belo Horizonte;65208;10024526;46262;Dealer participando do piloto de atendimento a seguradoras;Pedido feito com divergencia de ano do carro, pois no WPC não aparece com o chassi(Maicon);29/04/2026;;29/04/2026;207738;;;06/05/2026;;;;;;;;Coleta Agendada;;19/05/2026;⚠ Fora do Prazo;23;🔴 Parado + 23 dias
262;;CARBEL - BELO HORIZONTE;XD BETIM;MG;Belo Horizonte;65208;10024526;46262;Dealer participando do piloto de atendimento a seguradoras;Pedido feito com divergencia de ano do carro, pois no WPC não aparece com o chassi(Maicon);29/04/2026;;29/04/2026;207738;;;06/05/2026;;;;;;;;Coleta Agendada;;19/05/2026;⚠ Fora do Prazo;23;🔴 Parado + 23 dias
263;;CARBEL - BELO HORIZONTE;XD BETIM;MG;Belo Horizonte;65208;10024526;46262;Dealer participando do piloto de atendimento a seguradoras;Pedido feito com divergencia de ano do carro, pois no WPC não aparece com o chassi(Maicon);29/04/2026;;29/04/2026;207738;;;06/05/2026;;;;;;;;Coleta Agendada;;19/05/2026;⚠ Fora do Prazo;23;🔴 Parado + 23 dias
264;;CARBEL - BELO HORIZONTE;XD BETIM;MG;Belo Horizonte;65208;10024526;46262;Dealer participando do piloto de atendimento a seguradoras;Pedido feito com divergencia de ano do carro, pois no WPC não aparece com o chassi(Maicon);29/04/2026;;29/04/2026;207738;;;06/05/2026;;;;;;;;Coleta Agendada;;19/05/2026;⚠ Fora do Prazo;23;🔴 Parado + 23 dias
265;;SINAL - ANÁLIA FRANCO;XD-DIADEMA;SP;São Paulo;66679;10025515;47583;Peça avariada;FRISO DO PARACHOQUE DIANTEIRO VEIO QUEBRADO DENTRO DA CAIXA - PEÇA 86567D3000;29/04/2026;;04/05/2026;179288;;;08/05/2026;;;;;;;;Coleta Agendada;;19/05/2026;⚠ Fora do Prazo;21;🔴 Parado + 21 dias
266;;GRANDE COREIA - SALVADOR;TERMACO;BA;Salvador;48320;10022016;43582;Peça não compativel ;boia do combustivel não é compativel;10/04/2026;;08/04/2026;294755;;;15/04/2026;;;;;;;;Coleta Agendada;;30/04/2026;⚠ Fora do Prazo;44;🔴 Parado + 44 dias
267;;BARI - PONTA GROSSA;TRANSTRY;PR;Ponta Grossa;46008;10020830;41686;Peça fisica errada;Boa tarde, solicitamos a peça 866202S010, foi faturado corretamente, mas a peça que chegou para nós foi a 865103V540, foi feito a ressalva no verso do CTE.;29/04/2026;;28/04/2026;116427;342602;;14/05/2026;12/05/2026;;;;;;;Coleta Efetuada;;19/05/2026;⚠ Fora do Prazo;15;🔴 Parado + 15 dias
268;;HYUNDAI CAOA - RAPOSO TAVARES OFICINA;XD-DIADEMA;SP;Sao Paulo;61673;10022273;43555;Peça avariada;AO RECEBER O ITEM SOLICITADO FOI CONSTATADO QUE A PEÇA ESTAVA COM AVARIA NO CONECTOR DO CHICOTE!;29/04/2026;;04/05/2026;13502;302060;;08/05/2026;;;;;;;;Coleta Agendada;;19/05/2026;⚠ Fora do Prazo;21;🔴 Parado + 21 dias
269;;SAGA - GOIÂNIA II;RIO VERMELHO;GO;Goiânia;43732;10019113;39468;Peça não compativel ;DIVERGENCIA FOI IDENTIFICADA NO MOMENTO DA MONTAGEM;29/04/2026;;;39468;;;;;;;;;;;Nº NFD;;19/05/2026;⚠ Fora do Prazo;30;🔴 Parado + 30 dias
270;;SMAFF - BRASÍLIA ASA NORTE;RIO VERMELHO;DF;Brasília;63314;10023393;44835;Peça fisica errada;PEÇA COM O LADO INCORRETO VEIO LADO ESQUERDO.;30/04/2026;;;;;;;;;;;;;;Dt Reclamação;;20/05/2026;⚠ Fora do Prazo;29;🔴 Parado + 29 dias
271;;SMAFF - BRASÍLIA ASA NORTE;RIO VERMELHO;DF;Brasília;66155;10025186;47384;Peça fisica errada;PEÇA COM O LADO INCORRETO VEIO LADO ESQUERDO.;30/04/2026;;;;;;;;;;;;;;Dt Reclamação;;20/05/2026;⚠ Fora do Prazo;29;🔴 Parado + 29 dias
272;;HYMAX - MOGI-GUACU;–;–;–;65353;10024623;46345;Peça faltante;Foi inserido um novo pedido 10024623 para atender a peça faltante, porém já havia sido enviado através de outro pedido a peça que faltava. Dealer decidiu devolver a peça referente ao pedido 10024623;06/04/2026;;04/05/2026;127252;342144;;07/05/2026;07/05/2026;;;;;;;Coleta Efetuada;;26/04/2026;⚠ Fora do Prazo;22;🔴 Parado + 22 dias
273;;CAOA - OFICINA CEASA;–;–;–;66753;10025523;47702;Peça avariada;PEÇA RECEBIDA COM DEFEITO NO DIA DA ENTREGA (QUEBRADA AO MEIO);05/05/2026;;07/05/2026;114290;;;13/05/2026;;;;;;;;Coleta Agendada;;25/05/2026;⚠ Fora do Prazo;16;🔴 Parado + 16 dias
274;;MAX ATACADO PÇS;–;–;–;66766;10025580;47650;Peça avariada;Peça chegou quebrada aqui - no ato da confêrencia foi identificado;05/05/2026;;05/05/2026;11062;300034;;08/05/2026;;;;;;;;Coleta Agendada;;25/05/2026;⚠ Fora do Prazo;21;🔴 Parado + 21 dias
275;;BARI - PONTA GROSSA;TRANSTRY;PR;Ponta Grossa;67836;10026315;48597;Peça avariada;A caixa foi aberta na presença do motorista, o item veio totalmente solto dentro da embalagem sem nenhum tipo de proteção toda arranhada.;06/05/2026;;;116650;;;;;;;;;;;Nº NFD;;26/05/2026;⚠ Fora do Prazo;23;🔴 Parado + 23 dias
276;;PATEO - FEIRA DE SANTANA;TERMACO;BA;Feira de Santana;61954;10022332;43905;Peça fisica errada;Pedido lado esquerdo e veio lado direito, verificar com equipe do estoque;07/05/2026;;07/05/2026;90934;;;26/05/2026;;;;;;;;Coleta Agendada;;27/05/2026;⚠ Fora do Prazo;3;🟢 OK
277;;CARBEL - BELO HORIZONTE;XD BETIM;MG;Belo Horizonte;65208;10024526;46262;Dealer participando do piloto de atendimento a seguradoras;Pedido feito com divergencia de ano do carro, pois no WPC não aparece com o chassi(Maicon);07/05/2026;;07/05/2026;208197;342142;;11/05/2026;12/05/2026;;;;;;;Coleta Efetuada;;27/05/2026;⚠ Fora do Prazo;17;🔴 Parado + 17 dias
278;;MAX - MORUMBI;XD-DIADEMA;SP;São Paulo;63453;10023406;44897;Peça não compativel ;Peça não está com avaria, mas o código informado não está de acordo com o veículo. No campo abaixo está à esquerda a peça que recebemos, e à direita a peça que está no veículo.;05/05/2026;;11/05/2026;163909;;;28/05/2026;;;;;;;;Coleta Agendada;;25/05/2026;⚠ Fora do Prazo;1;🟢 OK
279;;GERAÇÃO - SAO JOSE;TRANSTRY;SC;São José;68258;10026608;48871;Peça avariada;No ato do recebimento identificamos um volume com avaria, Lanterna Traseira Lado Direiro Palisaide quebrada ;07/05/2026;;12/05/2026;383473;;;25/05/2026;21/05/2026;;;;;;;Coleta Efetuada;;27/05/2026;⚠ Fora do Prazo;4;🟡 Atenção + 4 dias
280;;HYUNDAI CAOA - CRISTIANO MACHADO;–;–;–;66183;10025198;47299;Peça fisica errada;SOLICITAMOS A DEVOLUÇÃO DO ITEN ABAIXO , PORQUE A PEÇA VEIO TROCADA A ETIQUETA ESTA DIFERENTE DA ETIQUETA DA CAIXA .;07/05/2026;;08/05/2026;126381;;;13/05/2026;;;;;;;;Coleta Agendada;;27/05/2026;⚠ Fora do Prazo;16;🔴 Parado + 16 dias
281;;PATEO - FEIRA DE SANTANA;TERMACO;BA;Feira de Santana;38027;10015075;33924;Peça não compativel ;Não sanou o problema do carro;07/05/2026;;11/05/2026;91004;;;14/05/2026;;;;;;;;Coleta Agendada;;27/05/2026;⚠ Fora do Prazo;15;🔴 Parado + 15 dias
282;;HYMAX - MOGI-GUACU;–;–;–;67047;10025786;47909;PN alternativo não atende;SOLICITAMOS UMA PEÇA NA MONTADORA E MESMA ESTAVA EM BO E A MONTADORA ENVIOU UMA ALTERNATIVA E A MESMA ESTAVA ERRADA E NÃO APLICAVEL NO VEICULO PEÇA SOLICITADA 2232123000 PEÇA ENVIADA 2232137120;07/05/2026;;;;;;;;;;;;;;Dt Reclamação;;27/05/2026;⚠ Fora do Prazo;22;🔴 Parado + 22 dias
283;;HYUNDAI CAOA - TIJUCA OFICINA;CAMILO;RJ;Rio de Janeiro;66132;10025139;47381;Peça fisica errada;O item 954302E110 foi recebido com divergência de conteúdo. A etiqueta da embalagem corresponde corretamente ao código da peça, porém, ao realizar;29/04/2026;;29/04/2026;24094;342603;;06/05/2026;04/05/2026;;;;;;;Coleta Efetuada;;19/05/2026;⚠ Fora do Prazo;23;🔴 Parado + 23 dias
284;;CARBEL - BELO HORIZONTE;XD BETIM;MG;Belo Horizonte;65208;10024526;46262;Dealer participando do piloto de atendimento a seguradoras;Pedido feito com divergencia de ano do carro, pois no WPC não aparece com o chassi(Maicon);07/05/2026;;07/05/2026;208197;342142;;11/05/2026;12/05/2026;;;;;;;Coleta Efetuada;;27/05/2026;⚠ Fora do Prazo;17;🔴 Parado + 17 dias
285;;CARBEL - BELO HORIZONTE;XD BETIM;MG;Belo Horizonte;67384;10026009;48198;Peça fisica errada;PEDIDO FOI ENVIADO ERRADO ;07/05/2026;;07/05/2026;208195;;;12/05/2026;12/05/2026;;;;;;;Coleta Efetuada;;27/05/2026;⚠ Fora do Prazo;17;🔴 Parado + 17 dias
286;;CARBEL - BELO HORIZONTE;XD BETIM;MG;Belo Horizonte;67384;10026009;48198;Peça fisica errada;PEDIDO FOI ENVIADO ERRADO ;07/05/2026;;07/05/2026;208195;;;12/05/2026;12/05/2026;;;;;;;Coleta Efetuada;;27/05/2026;⚠ Fora do Prazo;17;🔴 Parado + 17 dias
287;;CARBEL - BELO HORIZONTE;XD BETIM;MG;Belo Horizonte;67384;10026009;48198;Peça fisica errada;PEDIDO FOI ENVIADO ERRADO ;07/05/2026;;07/05/2026;208195;;;12/05/2026;12/05/2026;;;;;;;Coleta Efetuada;;27/05/2026;⚠ Fora do Prazo;17;🔴 Parado + 17 dias
288;;CARBEL - BELO HORIZONTE;XD BETIM;MG;Belo Horizonte;67384;10026009;48198;Peça fisica errada;PEDIDO FOI ENVIADO ERRADO ;07/05/2026;;07/05/2026;208195;;;12/05/2026;12/05/2026;;;;;;;Coleta Efetuada;;27/05/2026;⚠ Fora do Prazo;17;🔴 Parado + 17 dias
289;;HB CAOA - NAÇÕES UNIDAS;XD-DIADEMA;SP;São Paulo;65410;10024581;46408;Peça fisica errada;A peça de cód 86563F2300EB veio invertida dentro da embalagem, no lugar veio a peça de cód 86563F2100, não foi feito ressalva pois só identificamos no ato da entrega ao cliente.;08/05/2026;;08/05/2026;163315;;;13/05/2026;;;;;;;;Coleta Agendada;;28/05/2026;⚠ Fora do Prazo;16;🔴 Parado + 16 dias
290;;CAOA - SBC;–;–;–;65261;10024553;46237;PN alternativo não atende;FOI SOLICITADO A PEÇA B251205K001 MANGUEIRA POREM A HYUNDAI COLOCOU SIMILAR B251205K100 COXIM, TOTALMENTE COM O QUE FOI SOLICITADO;08/05/2026;;;225661;;;;;;;;;;;Nº NFD;;28/05/2026;⚠ Fora do Prazo;21;🔴 Parado + 21 dias
291;;BARIGUI - JARAGUÁ DO SUL;TRANSTRY;SC;Jaraguá do Sul;63584;10023517;46958;Peça fisica errada;Foi solicitado um sensor de oxigenio código 296504A100 mas dentro da embalagem esta um outro sensor código 3921023710;11/05/2026;;11/05/2026;4940;;;19/05/2026;15/05/2026;;;;;;;Coleta Efetuada;;31/05/2026;✔ No Prazo;10;🔴 Parado + 10 dias
292;;DESTAQUE - ATIBAIA;XD-DIADEMA;SP;Atibaia;65384;10024650;46394;Peça avariada;Código 86512D3000 ponta para choque com pequeno amassado Pedido 065384;11/05/2026;;;;;;;;;;;;;;Dt Reclamação;;31/05/2026;✔ No Prazo;18;🔴 Parado + 18 dias
293;;OPEN - CASCAVEL;TRANSTRY;PR;Cascavel;63069;10023278;44672;Peça avariada;;12/05/2026;;11/05/2026;125195;;;18/05/2026;15/05/2026;;;;;;;Coleta Efetuada;;01/06/2026;✔ No Prazo;11;🔴 Parado + 11 dias
294;;TAI - BELO HORIZONTE;XD BETIM;MG;Belo Horizonte;67881;10026340;48614;Pedido duplicado por Alex Agostinho;foi atendido com PN 285302BAC0 cujo já recebemos a peça pela NF 30074..;12/05/2026;;;177.580;;;;;;;;;;;Nº NFD;;01/06/2026;✔ No Prazo;17;🔴 Parado + 17 dias
295;;LOVAT - LONDRINA;TRANSTRY;PR;Londrina;67705;10026230;48430;Pedido duplicado;;14/05/2026;;14/05/2026;274083;;;19/05/2026;;;;;;;;Coleta Agendada;;03/06/2026;✔ No Prazo;10;🔴 Parado + 10 dias
296;;LOVAT - LONDRINA;TRANSTRY;PR;Londrina;67705;10026231;48430;Pedido duplicado;;14/05/2026;;14/05/2026;274083;;;19/05/2026;;;;;;;;Coleta Agendada;;03/06/2026;✔ No Prazo;10;🔴 Parado + 10 dias
297;;LOVAT - LONDRINA;TRANSTRY;PR;Londrina;67705;10026232;48430;Pedido duplicado;;14/05/2026;;14/05/2026;274083;;;19/05/2026;;;;;;;;Coleta Agendada;;03/06/2026;✔ No Prazo;10;🔴 Parado + 10 dias
298;;LOVAT - LONDRINA;TRANSTRY;PR;Londrina;67705;10026233;48430;Pedido duplicado;;14/05/2026;;14/05/2026;274083;;;19/05/2026;;;;;;;;Coleta Agendada;;03/06/2026;✔ No Prazo;10;🔴 Parado + 10 dias
299;;LOVAT - LONDRINA;TRANSTRY;PR;Londrina;67705;10026234;48430;Pedido duplicado;;14/05/2026;;14/05/2026;274083;;;19/05/2026;;;;;;;;Coleta Agendada;;03/06/2026;✔ No Prazo;10;🔴 Parado + 10 dias
300;;AUTOVILLE - CONTAGEM;XD BETIM;MG;Contagem;68836;10027051;49313;Peça avariada;Amassado na porta no meio e lateral.;18/05/2026;;;;;;;;;;;;;;Dt Reclamação;;07/06/2026;✔ No Prazo;11;🔴 Parado + 11 dias
301;;AUTOVILLE - CONTAGEM;XD BETIM;MG;Contagem;69137;10027269;49564;Peça avariada;Raspado a parte de ferro;18/05/2026;;19/05/2026;81090;;;22/05/2026;21/05/2026;;;;;;;Coleta Efetuada;;07/06/2026;✔ No Prazo;7;🟡 Atenção + 7 dias
302;;PATEO - SALVADOR;TERMACO;BA;Salvador;30829;10011649;28854;Peça não compativel ;Estávamos com um veículo Imobilizado e foi orientado pela engenharia Hyundai a troca do item abaixo e solicitamos de fábrica, mas o item não resolveu o problema do veículo e orientado usar outra peça;18/05/2026;;22/05/2026;360932;;;27/03/2026;;;;;;;;Coleta Agendada;;07/06/2026;✔ No Prazo;7;🟡 Atenção + 7 dias
303;;HYUNDAI CAOA - TIJUCA OFICINA;CAMILO;RJ;Rio de Janeiro;68093;10026355;48753;Peça não compativel ;No interior da embalagem, ao invés de conter um keyless, foi encontrada apenas uma pequena faixa de borracha, caracterizando erro de separação/embalagem na origem.;19/05/2026;;19/05/2026;24236;310473;;25/05/2026;;;;;;;;Coleta Agendada;;08/06/2026;✔ No Prazo;4;🟡 Atenção + 4 dias
304;;HB CAOA - INTENDENTE MAGALHÃES;CAMILO;RJ;Rio de Janeiro;69192;10027295;49620;Peça avariada;Lanterna quebrada na ponta e sem a caixa original;19/05/2026;;20/05/2026;73900;;;26/05/2026;25/05/2026;;;;;;;Coleta Efetuada;;08/06/2026;✔ No Prazo;3;🟢 OK
305;;HYUNDAI CAOA - RAPOSO TAVARES OFICINA;XD-DIADEMA;SP;Sao Paulo;17570;10005451;13655;Pedido duplicado por Alex Agostinho;SOLICITO DEVOLUÇÃO DO ITEM  PROTETOR CARTER PN 2911025550  NAO SOLICITADO!  FATURADO POR ALEX AGOSTINHO.;20/05/2026;;21/05/2026;13818;302511;;15/05/2026;;;;;;;;Coleta Agendada;;09/06/2026;✔ No Prazo;8;🔴 Parado + 8 dias
306;;HYUNDAI CAOA - RAPOSO TAVARES OFICINA;XD-DIADEMA;SP;Sao Paulo;20433;10005585;16170;Pedido duplicado por Alex Agostinho;SOLICITO DEVOLUÇÃO DO ITEM  PROTETOR CARTER PN 2911025550  NAO SOLICITADO!  FATURADO POR ALEX AGOSTINHO.;20/05/2026;;;;;;;;;;;;;;Dt Reclamação;;09/06/2026;✔ No Prazo;9;🔴 Parado + 9 dias
307;;HYUNDAI CAOA - RAPOSO TAVARES OFICINA;XD-DIADEMA;SP;Sao Paulo;18411;10006020;14242;Pedido duplicado por Alex Agostinho;SOLICITO DEVOLUÇÃO DO ITEM  PROTETOR CARTER PN 2911025550  NAO SOLICITADO!  FATURADO POR ALEX AGOSTINHO.;20/05/2026;;;;;;;;;;;;;;Dt Reclamação;;09/06/2026;✔ No Prazo;9;🔴 Parado + 9 dias
308;;HYUNDAI CAOA - RAPOSO TAVARES OFICINA;XD-DIADEMA;SP;Sao Paulo;18580;10006252;14053;Pedido duplicado por Alex Agostinho;SOLICITO DEVOLUÇÃO DO ITEM  PROTETOR CARTER PN 2911025550  NAO SOLICITADO!  FATURADO POR ALEX AGOSTINHO.;20/05/2026;;;;;;;;;;;;;;Dt Reclamação;;09/06/2026;✔ No Prazo;9;🔴 Parado + 9 dias
309;;HYUNDAI CAOA - RAPOSO TAVARES OFICINA;XD-DIADEMA;SP;Sao Paulo;20922;10007652;16515;Pedido duplicado por Alex Agostinho;SOLICITO DEVOLUÇÃO DO ITEM  PROTETOR CARTER PN 2911025550  NAO SOLICITADO!  FATURADO POR ALEX AGOSTINHO.;20/05/2026;;;;;;;;;;;;;;Dt Reclamação;;09/06/2026;✔ No Prazo;9;🔴 Parado + 9 dias
310;;HYUNDAI CAOA - RAPOSO TAVARES OFICINA;XD-DIADEMA;SP;Sao Paulo;17361;10005279;13030;Pedido duplicado por Alex Agostinho;SOLICITAÇÃO DE DEVOLUÇÃO DO ITEM PARA BRISA PN 861115H010-BI ENVIADO POR ALEX AGOSTINHO EM DUPLICIDADE! NAO SOLICITADO.;20/05/2026;;;13831;;;;;;;;;;;Nº NFD;;09/06/2026;✔ No Prazo;9;🔴 Parado + 9 dias
311;;HYUNDAI CAOA - RAPOSO TAVARES OFICINA;XD-DIADEMA;SP;Sao Paulo;20595;10007302;16481;Pedido duplicado por Alex Agostinho;SOLICITAÇÃO DE DEVOLUÇÃO DO ITEM PARA BRISA PN 861115H010-BI ENVIADO POR ALEX AGOSTINHO EM DUPLICIDADE! NAO SOLICITADO.;20/05/2026;;;13819;;;;;;;;;;;Nº NFD;;09/06/2026;✔ No Prazo;9;🔴 Parado + 9 dias
312;;HYUNDAI CAOA - RAPOSO TAVARES OFICINA;XD-DIADEMA;SP;Sao Paulo;20801;10007521;16512;Pedido duplicado por Alex Agostinho;SOLICITAÇÃO DE DEVOLUÇÃO DO ITEM PARA BRISA PN 861115H010-BI ENVIADO POR ALEX AGOSTINHO EM DUPLICIDADE! NAO SOLICITADO.;20/05/2026;;;13820;;;;;;;;;;;Nº NFD;;09/06/2026;✔ No Prazo;9;🔴 Parado + 9 dias
313;;HYUNDAI CAOA - RAPOSO TAVARES OFICINA;XD-DIADEMA;SP;Sao Paulo;65265;10024468;46488;Peça avariada;PN 243553C200 VALVULA CONTROLE OLEO DO MOTOR LD/ PEÇA ENTREGUE PELA MONTADORA COM AVARIA.;21/05/2026;;;;;;;;;;;;;;Dt Reclamação;;10/06/2026;✔ No Prazo;8;🔴 Parado + 8 dias
314;;AUTOVILLE - CONTAGEM;XD BETIM;MG;Contagem;65911;10025030;47027;Peça não compativel ;veio invertida dentro da embalagem. ;21/05/2026;;;;;;;;;;;;;;Dt Reclamação;;10/06/2026;✔ No Prazo;8;🔴 Parado + 8 dias
315;;HYUNDAI CAOA - RAPOSO TAVARES OFICINA;XD-DIADEMA;SP;Sao Paulo;6921;10001456;5179;PN alternativo não atende;PEÇA ENVIADA COMO SIMILAR ERRONEAMENTE PELA MONTADORA. ITEM SOLICITADO PN 86511D3000 / ITEM ENVIADO PN 86540D3020;22/05/2026;;;;;;;;;;;;;;Dt Reclamação;;11/06/2026;✔ No Prazo;7;🟡 Atenção + 7 dias
316;;HB CAOA - FORTALEZA;TERMACO;CE;Fortaleza;66532;10025417;47550;Peça fisica errada;Foi pedido 3 x a peça e sempre envia a do lado errado;22/05/2026;;21/05/2026;130395;;;28/05/2026;;;;;;;;Coleta Agendada;;11/06/2026;✔ No Prazo;1;🟢 OK
317;;GOLDEN MOTORS - DOURADOS;CARVALIMA;MS;Dourados;68947;10027133;49464;Peça avariada;mercadoria chegou avariada pela transportadora,na parte de alinhamento do parachoque foi constatado uma rachadura, oficina recusou a entrega da peça. ;22/05/2026;;;;;;;;;;;;;;Dt Reclamação;;11/06/2026;✔ No Prazo;7;🟡 Atenção + 7 dias
318;;PATEO - MANAUS;CARVALIMA;AM;Manaus;67203;10025754;48009;Peça avariada;Identificamos uma avaria no canto do capô frontal durante o processo de recebimento da peças.;25/05/2026;;25/05/2026;101933;;;28/05/2026;;;;;;;;Coleta Agendada;;14/06/2026;✔ No Prazo;1;🟢 OK
